location,Precio Promedio x m2,Metros Cuadrados Promedio,Cantidad de Departamentos
"Belgrano C, Belgrano",2105.87,55.75,12
"Belgrano R, Belgrano",2185.74,52.81,16
"Belgrano, Capital Federal",2089.38,56.7,71
"Botánico, Palermo",1975.27,59.75,4
"Coghlan, Capital Federal",2044.45,55.55,20
"Las Cañitas, Palermo",2124.89,59.11,9
"Núñez, Capital Federal",2033.47,59.69,52
"Palermo Chico, Palermo",2029.48,66.5,2
"Palermo Hollywood, Palermo",2184.93,51.86,7
"Palermo Nuevo, Palermo",4067.31,226.0,2
"Palermo Soho, Palermo",2029.03,58.07,14
"Palermo, Capital Federal",2033.86,58.35,92
