url,price_value,expenses_value,address,location,area,rooms,bedrooms,bathrooms,price_per_m2
https://www.zonaprop.com.ar/propiedades/clasificado/veclapin-departamento-en-venta-2-dorm.-1-bano-44-m-sup2--55030268.html,70000.0,,Juncal e/ Billinghurst y Sánchez de Bustamante,"Palermo, Capital Federal",44.0,3 amb.,2 dorm.,1 baño,1590.909090909091
https://www.zonaprop.com.ar/propiedades/clasificado/veclapin-departamento-en-belgrano-3-amb-con-dep-av-cabildo-52435395.html,119000.0,$ 45.000 Expensas,Palpa al 2300,"Belgrano R, Belgrano",83.0,3 amb.,2 dorm.,1 baño,1433.7349397590363
https://www.zonaprop.com.ar/propiedades/clasificado/veclapin-venta-departamento-en-barrancas-de-belgrano-55302976.html,113000.0,,11 de Septiembre  al 2100,"Belgrano, Capital Federal",46.0,3 amb.,2 dorm.,1 baño,2456.521739130435
https://www.zonaprop.com.ar/propiedades/clasificado/veclapin-departamento-en-barrio-river-55255891.html,127900.0,$ 45.000 Expensas,Sourigues  al 2500,"Núñez, Capital Federal",60.0,3 amb.,2 dorm.,1 baño,2131.6666666666665
https://www.zonaprop.com.ar/propiedades/clasificado/veclapin-venta-departamento-3-ambientes-apto-credito-55276496.html,115000.0,$ 58.000 Expensas,Salvador  al 4834,"Palermo Soho, Palermo",56.0,3 amb.,2 dorm.,1 baño,2053.5714285714284
https://www.zonaprop.com.ar/propiedades/clasificado/veclapin-venta-departamento-3-ambientes-en-belgrano-55343844.html,115000.0,$ 126.000 Expensas,Vuelta de Obligado al 2400,"Belgrano, Capital Federal",54.0,3 amb.,2 dorm.,2 baños,2129.6296296296296
https://www.zonaprop.com.ar/propiedades/clasificado/veclphin-departamento-en-venta-en-palermo-capital-federal-54740891.html,110000.0,,Fray justo Santa  María de Oro 2200,"Palermo, Capital Federal",102.0,3 amb.,2 dorm.,1 baño,1078.4313725490197
https://www.zonaprop.com.ar/propiedades/clasificado/veclapin-3-ambientes-a-refaccionar-en-palermo-soho-55089755.html,85000.0,$ 67.000 Expensas,Armenia  al 2200,"Palermo Soho, Palermo",40.0,3 amb.,2 dorm.,1 baño,2125.0
https://www.zonaprop.com.ar/propiedades/clasificado/veclapin-venta-departamento-3-ambientes-belgrano-55127057.html,111000.0,$ 136.000 Expensas,Amenábar  al 1800,"Belgrano, Capital Federal",53.0,3 amb.,2 dorm.,1 baño,2094.3396226415093
https://www.zonaprop.com.ar/propiedades/clasificado/veclapin-departamento-3-ambientes.-arribenos-al-2100-54816823.html,120000.0,$ 200.000 Expensas,Arribeños 2100. Entre Av juramento y Mendoza,"Belgrano, Capital Federal",62.0,3 amb.,2 dorm.,1 baño,1935.483870967742
https://www.zonaprop.com.ar/propiedades/clasificado/veclapin-semip-en-minones-al-2000-frente-impecable-baulera-2-54910429.html,130000.0,$ 100.000 Expensas,Miñones al 2000,"Belgrano, Capital Federal",55.0,3 amb.,2 dorm.,1 baño,2363.6363636363635
https://www.zonaprop.com.ar/propiedades/clasificado/veclapin-apto-credito-venta-departamento-tres-ambientes-55353209.html,99000.0,$ 70.000 Expensas,Avenida General Paz 1100,"Núñez, Capital Federal",65.0,3 amb.,2 dorm.,1 baño,1523.076923076923
https://www.zonaprop.com.ar/propiedades/clasificado/veclapin-departamento-3-ambientes-venta-belgrano-r-55132269.html,110000.0,$ 60.000 Expensas,Av Olazabal al 3100 Entre Ramon Freire y Zapiola,"Belgrano R, Belgrano",40.0,3 amb.,2 dorm.,1 baño,2750.0
https://www.zonaprop.com.ar/propiedades/clasificado/veclphin-3-ambientes-en-venta-en-nunez-con-cochera-sin-expensas-55402356.html,125000.0,$ 29.500 Expensas,3 de Febrero al 3800,"Núñez, Capital Federal",60.0,3 amb.,2 dorm.,1 baño,2083.3333333333335
https://www.zonaprop.com.ar/propiedades/clasificado/veclapin-departamento-ideal-renta-apto-profesionales-55430317.html,78000.0,$ 95.000 Expensas,Pasaje Virasoro al 2300,"Palermo, Capital Federal",70.0,3 amb.,2 dorm.,,1114.2857142857142
https://www.zonaprop.com.ar/propiedades/clasificado/veclapin-3-ambientes-a-reciclar!-acceso-por-escalera-belgrano-54762504.html,99000.0,$ 42.000 Expensas,Blanco Encalada 3600,"Belgrano R, Belgrano",56.0,3 amb.,2 dorm.,1 baño,1767.857142857143
https://www.zonaprop.com.ar/propiedades/clasificado/veclapin-depto-3-ambientes-en-venta-en-palermo-con-balcon-55408722.html,125000.0,$ 135.000 Expensas,Avenida Córdoba 5200,"Palermo, Capital Federal",85.0,3 amb.,2 dorm.,1 baño,1470.5882352941176
https://www.zonaprop.com.ar/propiedades/clasificado/veclapin-palermo-luminoso-departamento-reciclado-de-3-54135304.html,125000.0,$ 30.000 Expensas,Santa María. De Oro al 1900,"Palermo Soho, Palermo",54.0,4 amb.,3 dorm.,,2314.814814814815
https://www.zonaprop.com.ar/propiedades/clasificado/veclapin-3-ambientes-frente-primer-piso-luminoso.-54607421.html,105000.0,$ 125.000 Expensas,"PARAGUAY 5500. Entre Ravignani, emilio y Carranza, a. j.","Palermo Hollywood, Palermo",50.0,3 amb.,2 dorm.,1 baño,2100.0
https://www.zonaprop.com.ar/propiedades/clasificado/veclapin-moldes-al-1500-todo-al-contrafrente-62-m-sup2-55075480.html,110000.0,$ 141.000 Expensas,Moldes al 1500,"Belgrano, Capital Federal",62.0,3 amb.,2 dorm.,1 baño,1774.1935483870968
https://www.zonaprop.com.ar/propiedades/clasificado/veclapin-venta-departamento-de-3-ambientes-reciclado-a-nuevo-en-55244283.html,96000.0,$ 90.453 Expensas,"Manuel Ugarte al 3800, Entre Naon y Tronador","Coghlan, Capital Federal",52.0,3 amb.,2 dorm.,1 baño,1846.1538461538462
https://www.zonaprop.com.ar/propiedades/clasificado/veclapin-departamento-3-ambientes.-huergo-200-55094658.html,120000.0,$ 150.000 Expensas,huergo 200. Entre Arevalo y Clay,"Las Cañitas, Palermo",53.0,3 amb.,2 dorm.,,2264.1509433962265
https://www.zonaprop.com.ar/propiedades/clasificado/veclapin-venta-departamento-3-ambientes-para-refaccionar-con-54833286.html,125000.0,$ 70.000 Expensas,Gascón al 1200,"Palermo Soho, Palermo",69.0,3 amb.,2 dorm.,1 baño,1811.5942028985507
https://www.zonaprop.com.ar/propiedades/clasificado/veclapin-venta-de-departamento-3-ambientes-palermo-51139899.html,120000.0,$ 12.000 Expensas,Honduras   4000 1°,"Palermo, Capital Federal",60.0,3 amb.,2 dorm.,1 baño,2000.0
https://www.zonaprop.com.ar/propiedades/clasificado/veclapin-departamento-en-venta-en-palermo-3-ambientes-a-55392709.html,99000.0,$ 110.000 Expensas,Sanchez de Bustamante  al 1700,"Palermo, Capital Federal",67.0,3 amb.,2 dorm.,1 baño,1477.6119402985075
https://www.zonaprop.com.ar/propiedades/clasificado/veclapin-venta-departamento-en-belgrano-55265796.html,120000.0,,11 Septiembre al 2100,"Belgrano, Capital Federal",35.0,3 amb.,2 dorm.,1 baño,3428.5714285714284
https://www.zonaprop.com.ar/propiedades/clasificado/veclapin-departamento-coghlan-48900700.html,124000.0,$ 1.800 Expensas,Washington al 2600,"Coghlan, Capital Federal",49.0,3 amb.,2 dorm.,1 baño,2530.612244897959
https://www.zonaprop.com.ar/propiedades/clasificado/veclapin-venta-departamento-de-3-ambientes-reciclado-pb-c-54274265.html,125000.0,$ 70.000 Expensas,Maure  al 2300,"Belgrano, Capital Federal",76.0,3 amb.,2 dorm.,1 baño,1644.7368421052631
https://www.zonaprop.com.ar/propiedades/clasificado/veclapin-hermoso-3-ambientes-en-nunez-54874425.html,128000.0,$ 70.000 Expensas,Campo Salles  al 2000,"Núñez, Capital Federal",52.0,3 amb.,2 dorm.,1 baño,2461.5384615384614
https://www.zonaprop.com.ar/propiedades/clasificado/veclapin-venta-departamento-de-3-ambientes-en-nunez-55419512.html,130000.0,,Cabildo  al 4100,"Núñez, Capital Federal",59.0,3 amb.,2 dorm.,1 baño,2203.3898305084745
https://www.zonaprop.com.ar/propiedades/clasificado/veclapin-venta-departamento-3-ambientes-en-nunez-51910158.html,124900.0,$ 100.000 Expensas,Av.cabildo al 4000,"Núñez, Capital Federal",64.0,3 amb.,2 dorm.,1 baño,1951.5625
https://www.zonaprop.com.ar/propiedades/clasificado/veclapin-venta-depto-duplex-3-ambientes-con-baulera-en-nunez-55114098.html,117900.0,$ 100.000 Expensas,Vedia al 1600,"Núñez, Capital Federal",52.0,3 amb.,2 dorm.,1 baño,2267.3076923076924
https://www.zonaprop.com.ar/propiedades/clasificado/veclapin-venta-departamento-3-ambientes-belgrano-55400593.html,120000.0,$ 145.000 Expensas,Avenida Cabildo 2700,"Belgrano, Capital Federal",66.0,3 amb.,2 dorm.,2 baños,1818.1818181818182
https://www.zonaprop.com.ar/propiedades/clasificado/veclapin-departamento-3-ambientes-en-venta.-coghlan-54678098.html,120000.0,$ 104.000 Expensas,Avenida Ricardo Balbin 2900,"Coghlan, Capital Federal",56.0,3 amb.,2 dorm.,1 baño,2142.8571428571427
https://www.zonaprop.com.ar/propiedades/clasificado/veclapin-soler-4200-pb-loft-3amb.-c-patio.-1-dormitorio.-1-53232770.html,108000.0,$ 36.000 Expensas,Soler al 4200,"Palermo, Capital Federal",75.0,3 amb.,1 dorm.,2 baños,1440.0
https://www.zonaprop.com.ar/propiedades/clasificado/veclapin-departamento-en-palermo-54719336.html,129000.0,$ 135.000 Expensas,Las Heras 3000,"Palermo Chico, Palermo",53.0,3 amb.,2 dorm.,1 baño,2433.9622641509436
https://www.zonaprop.com.ar/propiedades/clasificado/veclapin-excelente-3-ambientes-en-el-corazon-de-belgrano-55393579.html,128000.0,$ 30.000 Expensas,Gorostiaga  2300 2°,"Belgrano, Capital Federal",57.0,3 amb.,2 dorm.,1 baño,2245.6140350877195
https://www.zonaprop.com.ar/propiedades/clasificado/veclapin-en-venta-3-ambientes-belgrano-52112174.html,89000.0,$ 58.630 Expensas,Olazabal al 3100,"Belgrano, Capital Federal",48.0,3 amb.,2 dorm.,1 baño,1854.1666666666667
https://www.zonaprop.com.ar/propiedades/clasificado/veclapin-departamento-de-3-ambientes-luminoso-piso-alto-53018600.html,90000.0,$ 89.000 Expensas,Blanco Encalada  al 3700,"Belgrano R, Belgrano",46.0,3 amb.,2 dorm.,1 baño,1956.5217391304348
https://www.zonaprop.com.ar/propiedades/clasificado/veclapin-departamento-en-venta-en-belgrano-capital-federal-54979631.html,115000.0,$ 80.000 Expensas,"VENTA DEPARTAMENTO, BELGRANO,  CAPITAL FEDERAL, CABA, LUMINOSO  Blanco Encalada 2 AMBIENTES apto cre 3100","Belgrano, Capital Federal",45.0,22 amb.,1 dorm.,1 baño,2555.5555555555557
https://www.zonaprop.com.ar/propiedades/clasificado/veclapin-paraguay-al-4500-frente-60-m-sup2--todo-sol-54783895.html,119000.0,$ 250.000 Expensas,Paraguay al 4500,"Palermo, Capital Federal",60.0,3 amb.,2 dorm.,1 baño,1983.3333333333333
https://www.zonaprop.com.ar/propiedades/clasificado/veclphin-ph-en-venta-3-ambientes-en-coghlan-54961988.html,124500.0,,Conde al 2800,"Coghlan, Capital Federal",60.0,3 amb.,2 dorm.,1 baño,2075.0
https://www.zonaprop.com.ar/propiedades/clasificado/veclapin-departamento-3-ambientes-en-palermo-apto-profesional.-53249004.html,130000.0,$ 282.703 Expensas,Arenales al 3600,"Palermo, Capital Federal",62.0,3 amb.,2 dorm.,1 baño,2096.7741935483873
https://www.zonaprop.com.ar/propiedades/clasificado/veclapin-venta-departamento-3-ambientes-pb-nunez-a-reciclar-55290601.html,119500.0,$ 105.000 Expensas,Guayra 2100,"Núñez, Capital Federal",78.0,3 amb.,2 dorm.,1 baño,1532.051282051282
https://www.zonaprop.com.ar/propiedades/clasificado/veclapin-departamento-duplex-en-venta-3-ambientes-en-nunez-55293806.html,117900.0,,Nicolas de Vedia 1650 5,"Núñez, Capital Federal",50.0,3 amb.,2 dorm.,1 baño,2358.0
https://www.zonaprop.com.ar/propiedades/clasificado/veclapin-departamento-en-venta-ubicado-en-belgrano-capital-55281125.html,123500.0,,Vuelta de Obligado 2600,"Belgrano, Capital Federal",49.0,3 amb.,2 dorm.,1 baño,2520.408163265306
https://www.zonaprop.com.ar/propiedades/clasificado/veclapin-venta-depto-3-amb-nunez-cochera-baulera-55213641.html,98000.0,$ 110.711 Expensas,Avenida Cabildo 3200,"Núñez, Capital Federal",49.0,3 amb.,2 dorm.,1 baño,2000.0
https://www.zonaprop.com.ar/propiedades/clasificado/veclapin-departamento-3-ambientes-palermo-financiado-55360119.html,120000.0,$ 150.000 Expensas,Paraguay 5400,"Palermo, Capital Federal",48.0,3 amb.,2 dorm.,1 baño,2500.0
https://www.zonaprop.com.ar/propiedades/clasificado/veclapin-departamento-en-venta-en-nunez-tres-ambientes-55309601.html,122000.0,$ 65.000 Expensas,Pico  1635,"Núñez, Capital Federal",53.0,3 amb.,2 dorm.,1 baño,2301.8867924528304
https://www.zonaprop.com.ar/propiedades/clasificado/veclapin-departamento-en-venta-ubicado-en-coghlan-capital-51423823.html,130000.0,$ 75.000 Expensas,Av Elcano 3500,"Coghlan, Capital Federal",60.0,3 amb.,2 dorm.,1 baño,2166.6666666666665
https://www.zonaprop.com.ar/propiedades/clasificado/veclapin-departamento-en-venta-2-dorm.-1-bano-47-m-sup2--55034384.html,87000.0,$ 63.000 Expensas,Blanco Escalada e/ Arcos y O'higgins,"Belgrano, Capital Federal",47.0,3 amb.,2 dorm.,1 baño,1851.063829787234
https://www.zonaprop.com.ar/propiedades/clasificado/veclapin-departamento-en-venta-en-belgrano-apto-credito-3-55016123.html,129000.0,$ 127.000 Expensas,Av. Cabildo 1100,"Belgrano, Capital Federal",73.0,3 amb.,2 dorm.,1 baño,1767.123287671233
https://www.zonaprop.com.ar/propiedades/clasificado/veclapin-3-ambientes-a-reciclar!-acceso-por-escalera-belgrano-55302216.html,99000.0,$ 42.000 Expensas,Blanco Encalada 3600,"Belgrano, Capital Federal",56.0,3 amb.,2 dorm.,1 baño,1767.857142857143
https://www.zonaprop.com.ar/propiedades/clasificado/veclapin-espectacular-3-ambientes-con-patio-en-venta-apto-55083073.html,98000.0,$ 154.329 Expensas,Ciudad de la Paz al 1700,"Belgrano, Capital Federal",52.0,3 amb.,2 dorm.,1 baño,1884.6153846153845
https://www.zonaprop.com.ar/propiedades/clasificado/veclapin-venta-departamento-3-ambientes-con-balcon-en-nunez-54763737.html,129000.0,$ 130.000 Expensas,Ibera al 2100,"Núñez, Capital Federal",67.0,3 amb.,2 dorm.,1 baño,1925.3731343283582
https://www.zonaprop.com.ar/propiedades/clasificado/veclapin-venta-departamento-3-ambientes-belgrano.-55369103.html,117900.0,$ 75.000 Expensas,Jose Hernandez al 2400,"Belgrano C, Belgrano",41.0,3 amb.,2 dorm.,1 baño,2875.609756097561
https://www.zonaprop.com.ar/propiedades/clasificado/veclapin-departamento-nunez-excelente-ubicacion-dpto.-3-54813745.html,125000.0,$ 110.000 Expensas,Montañeses al 2700,"Núñez, Capital Federal",58.0,3 amb.,2 dorm.,1 baño,2155.1724137931033
https://www.zonaprop.com.ar/propiedades/clasificado/veclapin-departamento-en-venta-palermo-botanico-53821219.html,130000.0,$ 237.000 Expensas,Arenales al 3600,"Botánico, Palermo",61.0,3 amb.,2 dorm.,1 baño,2131.1475409836066
https://www.zonaprop.com.ar/propiedades/clasificado/veclphin-palermo-soho-ph-3-4-ambientes-sin-expensas-55133335.html,93000.0,,Godoy Cruz 1708,"Palermo Soho, Palermo",50.0,3 amb.,2 dorm.,1 baño,1860.0
https://www.zonaprop.com.ar/propiedades/clasificado/veclapin-departamento-tres-ambientes-en-venta-palermo-55405758.html,115000.0,$ 81.000 Expensas,Godoy Cruz al 2900,"Palermo, Capital Federal",51.0,3 amb.,2 dorm.,1 baño,2254.901960784314
https://www.zonaprop.com.ar/propiedades/clasificado/veclapin-semipiso-al-contrafrente-super-luminoso-55074705.html,130000.0,$ 120.000 Expensas,Ciudad DE LA PAZ  al 1000,"Belgrano, Capital Federal",60.0,3 amb.,2 dorm.,1 baño,2166.6666666666665
https://www.zonaprop.com.ar/propiedades/clasificado/veclphin-ph-en-venta-en-belgrano-sin-expensas!-apto-54680192.html,115000.0,,Blanco Encalada 3500,"Belgrano, Capital Federal",51.0,3 amb.,2 dorm.,1 baño,2254.901960784314
https://www.zonaprop.com.ar/propiedades/clasificado/veclapin-venta-3-ambientes-con-balcon-a-la-calle-43280088.html,128000.0,$ 138.000 Expensas,"FREIRE, RAMON 2400. Entre Monroe y Blanco encalada","Belgrano, Capital Federal",63.0,3 amb.,2 dorm.,1 baño,2031.7460317460318
https://www.zonaprop.com.ar/propiedades/clasificado/veclapin-departamento-3-ambientes.-dra-fray-justo-santa-maria-54238861.html,129000.0,$ 141.000 Expensas,Dra Fray Justo Santa María de Oro 2300. Entre Charcas y Guemes,"Palermo, Capital Federal",61.0,3 amb.,2 dorm.,1 baño,2114.754098360656
https://www.zonaprop.com.ar/propiedades/clasificado/veclapin-olazabal-al-1600.-tres-amb.-c-balcon.-al-frente-52391487.html,115000.0,$ 160.000 Expensas,Olazábal 1600,"Belgrano C, Belgrano",64.0,3 amb.,2 dorm.,1 baño,1796.875
https://www.zonaprop.com.ar/propiedades/clasificado/veclapin-excelente-ph-en-venta-dos-cuartos-terraza-55368630.html,130000.0,,Matienzo al 2400,"Palermo, Capital Federal",50.0,3 amb.,2 dorm.,1 baño,2600.0
https://www.zonaprop.com.ar/propiedades/clasificado/veclphin-ph-1dorm-escritorio-terraza-54995257.html,130000.0,,Santos Dumont 2450,"Palermo, Capital Federal",84.0,3 amb.,2 dorm.,2 baños,1547.6190476190477
https://www.zonaprop.com.ar/propiedades/clasificado/veclapin-venta-con-renta-3-amb-nunez-55318305.html,120000.0,$ 108.000 Expensas,Amenabar al 3200,"Núñez, Capital Federal",52.0,3 amb.,2 dorm.,1 baño,2307.6923076923076
https://www.zonaprop.com.ar/propiedades/clasificado/veclapin-venta-departamento-3-ambientes-belgrano-c-55361302.html,100000.0,$ 103.000 Expensas,Franklin Delano Roosevelt 1500,"Belgrano, Capital Federal",47.0,3 amb.,2 dorm.,1 baño,2127.659574468085
https://www.zonaprop.com.ar/propiedades/clasificado/veclapin-blanco-encalada-2300-55386793.html,115000.0,$ 125.000 Expensas,Blanco Encalada 2300,"Belgrano, Capital Federal",47.0,3 amb.,2 dorm.,1 baño,2446.808510638298
https://www.zonaprop.com.ar/propiedades/clasificado/veclapin-3-ambientes-bajas-expensas-reciclado-a-nuevo-51979071.html,124000.0,$ 14.000 Expensas,Olazabal  2600 3°,"Belgrano, Capital Federal",47.0,3 amb.,2 dorm.,1 baño,2638.2978723404253
https://www.zonaprop.com.ar/propiedades/clasificado/veclapin-venta-4-ambientes-48804342.html,112000.0,$ 116.600 Expensas,Crisologo Larralde 1900. Entre Grecia y Ohiggins,"Núñez, Capital Federal",66.0,4 amb.,3 dorm.,2 baños,1696.969696969697
https://www.zonaprop.com.ar/propiedades/clasificado/veclphin-ph-en-venta-palermo-oportunidad-55330378.html,120000.0,,Amenábar 100,"Palermo, Capital Federal",91.0,3 amb.,2 dorm.,1 baño,1318.6813186813188
https://www.zonaprop.com.ar/propiedades/clasificado/veclapin-departamento-en-coghlan-54775175.html,115000.0,$ 89.000 Expensas,Melian  3258 - 13 B || C/ Cochera,"Belgrano, Capital Federal",48.0,3 amb.,2 dorm.,1 baño,2395.8333333333335
https://www.zonaprop.com.ar/propiedades/clasificado/veclapin-departamento-en-guemes-4700-55030840.html,112000.0,$ 90.000 Expensas,Guemes  al 4700,"Palermo, Capital Federal",55.0,3 amb.,2 dorm.,1 baño,2036.3636363636363
https://www.zonaprop.com.ar/propiedades/clasificado/veclapin-departamento-3-ambientes-sin-expensas-palermo-53621674.html,90000.0,,Costa Rica  5600 2°,"Palermo Hollywood, Palermo",45.0,3 amb.,2 dorm.,1 baño,2000.0
https://www.zonaprop.com.ar/propiedades/clasificado/veclapin-venta-3-ambientes-belgrano-55392830.html,87000.0,$ 111.000 Expensas,Blanco Encalada 2000,"Belgrano, Capital Federal",47.0,3 amb.,2 dorm.,1 baño,1851.063829787234
https://www.zonaprop.com.ar/propiedades/clasificado/veclapin-3-ambientes-en-el-corazon-de-belgrano-r!-a-m-de-plaza-55030077.html,115000.0,$ 77.000 Expensas,Juramento al 3300,"Belgrano R, Belgrano",54.0,3 amb.,2 dorm.,1 baño,2129.6296296296296
https://www.zonaprop.com.ar/propiedades/clasificado/veclapin-3-ambientes-con-excelente-vista-y-luz.-impecable!-a-54977085.html,120000.0,$ 80.000 Expensas,"Serrano 1300, 7","Palermo, Capital Federal",49.0,3 amb.,2 dorm.,1 baño,2448.9795918367345
https://www.zonaprop.com.ar/propiedades/clasificado/veclapin-venta-departamento-3-ambientes-con-cochera-nunez-55391717.html,130000.0,$ 260.000 Expensas,Avenida General Paz 400,"Núñez, Capital Federal",52.0,3 amb.,2 dorm.,1 baño,2500.0
https://www.zonaprop.com.ar/propiedades/clasificado/veclapin-departamento-de-tres-ambientes-en-belgrano.-edificio-54834257.html,120000.0,$ 220.000 Expensas,Moldes al 1400,"Belgrano, Capital Federal",55.0,3 amb.,2 dorm.,1 baño,2181.818181818182
https://www.zonaprop.com.ar/propiedades/clasificado/veclapin-venta-departamento-3-ambientes-palermo-55328307.html,124000.0,,Gral. Manuel N. Savio 400. Entre Santos dumont y Concepcion arenal,"Palermo, Capital Federal",52.0,3 amb.,2 dorm.,1 baño,2384.6153846153848
https://www.zonaprop.com.ar/propiedades/clasificado/veclapin-av-cabildo-4900-nunez-3amb-luminoso-al-frente-con-54856489.html,98000.0,$ 140.000 Expensas,Av. Cabildo al 4900,"Núñez, Capital Federal",64.0,3 amb.,2 dorm.,1 baño,1531.25
https://www.zonaprop.com.ar/propiedades/clasificado/veclapin-ravignani-2200-palermo-pacifico-3amb-vista-abierta-55189873.html,130000.0,$ 120.000 Expensas,Ravignani al 2200,"Palermo Hollywood, Palermo",53.0,3 amb.,2 dorm.,1 baño,2452.830188679245
https://www.zonaprop.com.ar/propiedades/clasificado/veclapin-darregueyra-2400-tres-ambientes-con-balcon-y-54430416.html,120000.0,,Darregueyra 2400,"Palermo, Capital Federal",48.0,3 amb.,2 dorm.,1 baño,2500.0
https://www.zonaprop.com.ar/propiedades/clasificado/veclapin-departamento-en-venta-3-amb-palermo-cap.-fed-54431703.html,112000.0,$ 114.000 Expensas,Guemes  al 4700,"Palermo, Capital Federal",51.0,3 amb.,2 dorm.,1 baño,2196.078431372549
https://www.zonaprop.com.ar/propiedades/clasificado/veclapin-luminoso-departamento-de-3-ambientes-en-palermo-49166391.html,110000.0,$ 19.650 Expensas,Av. Cordoba 4800,"Palermo, Capital Federal",74.0,3 amb.,2 dorm.,1 baño,1486.4864864864865
https://www.zonaprop.com.ar/propiedades/clasificado/veclapin-3-amb-piso-alto-vista-abierta-palermo-venta-54413666.html,99000.0,$ 150.000 Expensas,Estado de Israel 4300,"Palermo, Capital Federal",49.0,3 amb.,2 dorm.,1 baño,2020.408163265306
https://www.zonaprop.com.ar/propiedades/clasificado/veclapin-venta-depto-3-ambientes-palermo-55425865.html,119000.0,$ 233.712 Expensas,SANTOS DUMONT 2400. Entre Av cabildo y Zapata,"Palermo, Capital Federal",46.0,3 amb.,2 dorm.,1 baño,2586.9565217391305
https://www.zonaprop.com.ar/propiedades/clasificado/veclapin-tres-ambientes-apto-profesional-en-belgrano-55228044.html,122000.0,$ 214.830 Expensas,Roosevelt Franklin D. al 2100,"Belgrano, Capital Federal",57.0,3 amb.,2 dorm.,1 baño,2140.3508771929824
https://www.zonaprop.com.ar/propiedades/clasificado/veclapin-departamento-en-venta-2-dorm.-1-bano-50-m-sup2--55153128.html,113000.0,$ 79.000 Expensas,Franklin Delano Roosevelt e/ Avenida del Libertador y Montañeses,"Belgrano C, Belgrano",50.0,3 amb.,2 dorm.,1 baño,2260.0
https://www.zonaprop.com.ar/propiedades/clasificado/veclapin-venta-departamento-3-ambientes-belgrano-54871892.html,130000.0,$ 151.500 Expensas,ZAPATA 400. Entre Maure y Jorge newbery,"Belgrano, Capital Federal",50.0,3 amb.,2 dorm.,1 baño,2600.0
https://www.zonaprop.com.ar/propiedades/clasificado/veclapin-departamento-3-ambientes-en-esquina-palermo-soho-55344709.html,125000.0,$ 40.000 Expensas,Uriarte al 1995,"Palermo Soho, Palermo",59.0,3 amb.,2 dorm.,1 baño,2118.64406779661
https://www.zonaprop.com.ar/propiedades/clasificado/veclapin-venta-de-departamento-3-ambientes-en-belgrano-55265060.html,130000.0,$ 115.000 Expensas,OLAZABAL 2560. Entre Ciudad de la paz y Amenabar,"Belgrano, Capital Federal",56.0,3 amb.,2 dorm.,1 baño,2321.4285714285716
https://www.zonaprop.com.ar/propiedades/clasificado/veclapin--propiedad-reservada-3-amb-c-dep-y-balcon-corrido-al-55409628.html,102000.0,$ 170.000 Expensas,AV. CABILDO 526. Entre Maure y Gorostiaga,"Belgrano, Capital Federal",67.0,3 amb.,2 dorm.,1 baño,1522.3880597014925
https://www.zonaprop.com.ar/propiedades/clasificado/veclapin-hermoso-departamento-3-ambientes-la-mejor-zona-de-54945432.html,120000.0,$ 95.000 Expensas,Av De Los Incas  3900 7°,"Belgrano R, Belgrano",48.0,3 amb.,2 dorm.,1 baño,2500.0
https://www.zonaprop.com.ar/propiedades/clasificado/veclapin-venta-dos-dorm.-en-canitas-55255499.html,120000.0,$ 130.000 Expensas,Av Luis María Campos 200,"Las Cañitas, Palermo",53.0,3 amb.,1 baño,,2264.1509433962265
https://www.zonaprop.com.ar/propiedades/clasificado/veclapin-departamento-en-venta-3-amb-luminoso-54335169.html,110000.0,$ 150.000 Expensas,Charcas al 5000,"Palermo, Capital Federal",59.0,3 amb.,2 dorm.,1 baño,1864.406779661017
https://www.zonaprop.com.ar/propiedades/clasificado/veclapin-mb-3-amb-contrafrente-pulmon-verde-balcon-luz-sol-54824992.html,120000.0,$ 85.552 Expensas,Av. Córdoba 5215,"Palermo Soho, Palermo",49.0,3 amb.,2 dorm.,1 baño,2448.9795918367345
https://www.zonaprop.com.ar/propiedades/clasificado/veclapin-venta-palermo-3-ambientes-cochera-fija-apto-53996107.html,124500.0,$ 335.000 Expensas,Santos Dumont 2475,"Palermo, Capital Federal",51.0,3 amb.,2 dorm.,1 baño,2441.176470588235
https://www.zonaprop.com.ar/propiedades/clasificado/veclapin-hermoso-departamento-de-3-ambientes-con-posibilidad-de-53766501.html,119500.0,$ 145.000 Expensas,Freire y Olazabal,"Belgrano R, Belgrano",48.0,3 amb.,2 dorm.,1 baño,2489.5833333333335
https://www.zonaprop.com.ar/propiedades/clasificado/veclapin-departamento-en-palermo-tres-ambientes-y-dos-balcones-55047326.html,115000.0,$ 122.000 Expensas,Gascon  al 1200,"Palermo, Capital Federal",57.0,3 amb.,2 dorm.,1 baño,2017.5438596491229
https://www.zonaprop.com.ar/propiedades/clasificado/veclapin-departamento-palermo-venta-tres-ambientes-50389043.html,127000.0,$ 8.500 Expensas,Salguero al 1600,"Palermo, Capital Federal",53.0,3 amb.,2 dorm.,1 baño,2396.2264150943397
https://www.zonaprop.com.ar/propiedades/clasificado/veclapin-amplio-depto-3-amb-c-balcon-al-cfte-cocina-comedor-54527877.html,105000.0,$ 90.000 Expensas,Gascon 1242,"Palermo, Capital Federal",56.0,3 amb.,2 dorm.,1 baño,1875.0
https://www.zonaprop.com.ar/propiedades/clasificado/veclapin-departamento-3-ambientes.-av-de-los-incas-al-4000-53746945.html,99000.0,$ 45 Expensas,Av. de los incas 4000. Entre Holmberg y Plaza,"Belgrano R, Belgrano",41.0,3 amb.,2 dorm.,1 baño,2414.6341463414633
https://www.zonaprop.com.ar/propiedades/clasificado/veclapin-venta-departamento-3-ambientes-coghlan-54072345.html,110000.0,$ 120.000 Expensas,Vuelta de Obligado al 2700,"Coghlan, Capital Federal",62.0,3 amb.,2 dorm.,1 baño,1774.1935483870968
https://www.zonaprop.com.ar/propiedades/clasificado/veclapin-departamento-de-3-ambientes-con-balcon-55312808.html,129000.0,$ 36.000 Expensas,Avenida Cabildo 3200,"Núñez, Capital Federal",63.0,3 amb.,2 dorm.,1 baño,2047.6190476190477
https://www.zonaprop.com.ar/propiedades/clasificado/veclapin-apto-profesional-excelente-ubicacion-3-ambientes-54533131.html,120000.0,$ 78.400 Expensas,"Vuelta de Obligado 1770 2 piso ""D""","Belgrano C, Belgrano",51.0,3 amb.,2 dorm.,1 baño,2352.9411764705883
https://www.zonaprop.com.ar/propiedades/clasificado/veclapin-departamento-nunez-3-ambientes-cochera-sistema-x-54298224.html,115000.0,$ 125.000 Expensas,Ohiggins al 4600,"Núñez, Capital Federal",55.0,3 amb.,2 dorm.,1 baño,2090.909090909091
https://www.zonaprop.com.ar/propiedades/clasificado/veclapin-venta-departamento-en-belgrano-3-ambientes-54990767.html,120000.0,$ 80.000 Expensas,Juramento al 1600,"Belgrano, Capital Federal",54.0,3 amb.,2 dorm.,1 baño,2222.222222222222
https://www.zonaprop.com.ar/propiedades/clasificado/veclphin-3-amb-al-frente-le-brique-propiedades-54758948.html,125000.0,,Conde  2800,"Coghlan, Capital Federal",60.0,3 amb.,2 dorm.,2 baños,2083.3333333333335
https://www.zonaprop.com.ar/propiedades/clasificado/veclapin-tres-ambientes-palermo-luminoso-54847903.html,119000.0,$ 100.000 Expensas,JULIAN ALVAREZ 1400,"Palermo Hollywood, Palermo",59.0,3 amb.,2 dorm.,1 baño,2016.949152542373
https://www.zonaprop.com.ar/propiedades/clasificado/veclapin-3-ambientes-en-esquina-c-balcon-aterrazado-palermo-50165019.html,114000.0,$ 122.000 Expensas,GODOY CRUZ 1514,"Palermo Soho, Palermo",62.0,3 amb.,2 dorm.,1 baño,1838.7096774193549
https://www.zonaprop.com.ar/propiedades/clasificado/veclapin-virrey-olaguer-feliu-2400-depto-3-ambientes-53619467.html,110000.0,$ 140.000 Expensas,Dirección no informada,"Belgrano, Capital Federal",80.0,3 amb.,2 dorm.,1 baño,1375.0
https://www.zonaprop.com.ar/propiedades/clasificado/veclapin-cap.-gral.-ramon-freire-2400-belgrano-r-capital-55030336.html,110000.0,$ 135.000 Expensas,Cap. Gral. Ramón Freire 2400 ,"Belgrano R, Belgrano",61.0,3 amb.,2 dorm.,1 baño,1803.27868852459
https://www.zonaprop.com.ar/propiedades/clasificado/veclapin--oportunidad!-luminoso-ph-de-3-amb-en-palermo-55064114.html,89000.0,$ 75.000 Expensas,AV. Córdoba al 5900,"Palermo, Capital Federal",54.0,3 amb.,2 dorm.,1 baño,1648.148148148148
https://www.zonaprop.com.ar/propiedades/clasificado/veclapin-3-amb-al-fte-c-balcon-48931072.html,120000.0,$ 180.000 Expensas,bulnes 1666,"Palermo, Capital Federal",56.0,3 amb.,2 dorm.,1 baño,2142.8571428571427
https://www.zonaprop.com.ar/propiedades/clasificado/veclapin-departamento-excelente-ubicacion-3-ambientes-a-1-54813717.html,125000.0,$ 110.000 Expensas,Montañeses al 2700,"Belgrano, Capital Federal",58.0,3 amb.,2 dorm.,1 baño,2155.1724137931033
https://www.zonaprop.com.ar/propiedades/clasificado/veclapin-3-amb-venta-posibilidad-4-ambientes-con-renta-53634852.html,120000.0,$ 50.000 Expensas,Arcos  4700 2°,"Núñez, Capital Federal",60.0,4 amb.,3 dorm.,1 baño,2000.0
https://www.zonaprop.com.ar/propiedades/clasificado/veclapin-departamento-3-ambientes-con-balcon-en-coghlan-55353761.html,105000.0,$ 75.000 Expensas,Calle Doctor Pedro I. Rivera 3900,"Coghlan, Capital Federal",56.0,3 amb.,2 dorm.,1 baño,1875.0
https://www.zonaprop.com.ar/propiedades/clasificado/veclapin-3-ambientes-en-venta-en-nunez-con-cochera-sin-expensas-55382540.html,125000.0,$ 24.900 Expensas,3 de Febrero 3800,"Núñez, Capital Federal",60.0,3 amb.,2 dorm.,1 baño,2083.3333333333335
https://www.zonaprop.com.ar/propiedades/clasificado/veclapin-3-ambientes-palermo-venta-55319998.html,97000.0,$ 120.000 Expensas,Araoz 2400,"Palermo, Capital Federal",44.0,3 amb.,2 dorm.,1 baño,2204.5454545454545
https://www.zonaprop.com.ar/propiedades/clasificado/veclapin-departamento-en-venta-3-ambientes-en-palermo-54899019.html,99000.0,$ 60.000 Expensas,Soler al 4000,"Palermo, Capital Federal",48.0,3 amb.,2 dorm.,1 baño,2062.5
https://www.zonaprop.com.ar/propiedades/clasificado/veclapin-blanco-encalada-y-av-balbin-depto-en-venta-de-3-55087722.html,109000.0,$ 120.000 Expensas,Blanco Encalada al 3000,"Belgrano, Capital Federal",55.0,3 amb.,2 dorm.,1 baño,1981.8181818181818
https://www.zonaprop.com.ar/propiedades/clasificado/veclapin-venta-departamento-3-ambientes-con-balcon-en-belgrano-55312793.html,119000.0,$ 110.000 Expensas,Blanco Encalada  al 3000,"Belgrano R, Belgrano",52.0,3 amb.,2 dorm.,1 baño,2288.4615384615386
https://www.zonaprop.com.ar/propiedades/clasificado/veclapin-departamento-3-ambientes-en-palermo-apto-credito-55367550.html,125000.0,$ 139.000 Expensas,Araoz 2300,"Palermo, Capital Federal",59.0,3 amb.,2 dorm.,1 baño,2118.64406779661
https://www.zonaprop.com.ar/propiedades/clasificado/veclapin-impecable-3-ambientes-en-excelente-ubicacion.-55364468.html,130000.0,$ 157.000 Expensas,Ancón 5300,"Palermo, Capital Federal",54.0,3 amb.,2 dorm.,1 baño,2407.4074074074074
https://www.zonaprop.com.ar/propiedades/clasificado/veclapin-venta-3-ambientes-con-balcon-coghlan-55431948.html,130000.0,$ 200.000 Expensas,Conde 2500,"Coghlan, Capital Federal",57.0,3 amb.,2 dorm.,1 baño,2280.7017543859647
https://www.zonaprop.com.ar/propiedades/clasificado/veclapin-dpto-3-ambientes-contrafrente-excelente-ubicacion-47694195.html,99000.0,$ 115.000 Expensas,Araoz  2436,"Botánico, Palermo",47.0,3 amb.,2 dorm.,1 baño,2106.3829787234044
https://www.zonaprop.com.ar/propiedades/clasificado/veclapin-departamento-en-venta-en-coghlan-capital-federal-54874583.html,115000.0,$ 97.000 Expensas,Pedro I Rivera 3900,"Coghlan, Capital Federal",51.0,3 amb.,2 dorm.,1 baño,2254.901960784314
https://www.zonaprop.com.ar/propiedades/clasificado/veclapin-venta-depto-3-amb-nunez-ubicacion-luminoso-oportun-55309271.html,104900.0,$ 108.147 Expensas,Manzanares 1800,"Núñez, Capital Federal",55.0,3 amb.,2 dorm.,1 baño,1907.2727272727273
https://www.zonaprop.com.ar/propiedades/clasificado/veclapin-departamento-en-venta-3-ambientes-belgrano-54500090.html,109000.0,$ 50.000 Expensas,Monroe al 3600,"Belgrano, Capital Federal",50.0,3 amb.,2 dorm.,1 baño,2180.0
https://www.zonaprop.com.ar/propiedades/clasificado/veclapin-dpto-2-y-medio-ambiente-palermo-impecable-55245924.html,130000.0,$ 68.000 Expensas,Avenida Raúl Scalabrini Ortiz 1200,"Palermo, Capital Federal",50.0,3 amb.,2 dorm.,1 baño,2600.0
https://www.zonaprop.com.ar/propiedades/clasificado/veclapin-3-ambientes-reciclado-y-super-luminoso!-excelente-54974003.html,130000.0,$ 110.000 Expensas,Av. de los Incas al 3500 (av. Forest y  Gral. Enrique Martinez),"Belgrano, Capital Federal",48.0,3 amb.,2 dorm.,1 baño,2708.3333333333335
https://www.zonaprop.com.ar/propiedades/clasificado/veclapin-venta-departamento-3-ambientes-belgrano-55320658.html,120000.0,$ 137.000 Expensas,Conesa 2500,"Belgrano, Capital Federal",52.0,3 amb.,2 dorm.,1 baño,2307.6923076923076
https://www.zonaprop.com.ar/propiedades/clasificado/veclapin-departamento-3-ambientes-planta-baja-palermo-55341159.html,129000.0,$ 259.000 Expensas,Vidt 1700,"Palermo, Capital Federal",72.0,3 amb.,2 dorm.,1 baño,1791.6666666666667
https://www.zonaprop.com.ar/propiedades/clasificado/veclapin-departamento-3-ambientes.-romulo-naon-al-2700-55362783.html,94900.0,,ROMULO NAON 2700,"Coghlan, Capital Federal",51.0,3 amb.,2 dorm.,1 baño,1860.7843137254902
https://www.zonaprop.com.ar/propiedades/clasificado/veclapin-3-ambientes-muy-luminosos-lavadero-o-escritorio-exc.-55141433.html,109000.0,$ 100.000 Expensas,Santos Dumont al 2400,"Palermo, Capital Federal",55.0,3 amb.,2 dorm.,1 baño,1981.8181818181818
https://www.zonaprop.com.ar/propiedades/clasificado/veclapin-departamento-en-venta-en-nunez-capital-federal-51556335.html,128000.0,,Jaramillo 1731 - Núñez,"Núñez, Capital Federal",55.0,3 amb.,2 dorm.,1 baño,2327.2727272727275
https://www.zonaprop.com.ar/propiedades/clasificado/veclapin-departamento-en-venta-3-ambientes-al-contra-frente!-55426243.html,119000.0,$ 126.000 Expensas,Av. Luis María Campos al 700,"Las Cañitas, Palermo",58.0,3 amb.,2 dorm.,1 baño,2051.7241379310344
https://www.zonaprop.com.ar/propiedades/clasificado/veclapin-venta-departamento-3-amb-belgrano-55391036.html,130000.0,$ 124.000 Expensas,Vuelta de Obligado 2400,"Belgrano, Capital Federal",61.0,3 amb.,2 dorm.,1 baño,2131.1475409836066
https://www.zonaprop.com.ar/propiedades/clasificado/veclapin-departamento-4-ambientes-nunez-todo-a-nuevo-luminoso-55197525.html,130000.0,$ 55.000 Expensas,Manzanares al 1800,"Núñez, Capital Federal",65.0,4 amb.,3 dorm.,1 baño,2000.0
https://www.zonaprop.com.ar/propiedades/clasificado/veclapin-departamento-3-ambientes.-zapiola-al-3200-55273852.html,130000.0,$ 100.000 Expensas,Zapiola 3200. Entre Tamborini y Pedraza,"Núñez, Capital Federal",69.0,3 amb.,2 dorm.,1 baño,1884.0579710144928
https://www.zonaprop.com.ar/propiedades/clasificado/veclapin-venta-departamento-3-ambientes-belgrano-con-balcon-55334799.html,110000.0,$ 140.000 Expensas,Zapiola  al 2100,"Belgrano, Capital Federal",57.0,3 amb.,2 dorm.,1 baño,1929.8245614035088
https://www.zonaprop.com.ar/propiedades/clasificado/veclapin-venta-departamento-palermo-3-ambientes-55268768.html,119000.0,$ 100.000 Expensas,Julián Álvarez 1400,"Palermo, Capital Federal",59.0,3 amb.,2 dorm.,1 baño,2016.949152542373
https://www.zonaprop.com.ar/propiedades/clasificado/veclapin-gascon-y-cordoba-3-amb.-al-frente.-50622327.html,125000.0,$ 49.000 Expensas,Gascon al 1100,"Palermo, Capital Federal",48.0,3 amb.,2 dorm.,1 baño,2604.1666666666665
https://www.zonaprop.com.ar/propiedades/clasificado/veclapin-departamento-en-nunez-53744294.html,125000.0,$ 140.000 Expensas,Cdro. Martín Rivadavia al 1800,"Núñez, Capital Federal",55.0,3 amb.,2 dorm.,1 baño,2272.7272727272725
https://www.zonaprop.com.ar/propiedades/clasificado/veclapin-3-ambientes-a-reciclar!-acceso-por-escalera-belgrano-54762214.html,99000.0,$ 42.000 Expensas,Blanco Encalada 3600,"Coghlan, Capital Federal",56.0,3 amb.,2 dorm.,1 baño,1767.857142857143
https://www.zonaprop.com.ar/propiedades/clasificado/veclapin-departamento-en-venta-remodelado-de-3-ambientes-zona-54746437.html,115000.0,$ 130.000 Expensas,Manuela Pedraza  1700,"Núñez, Capital Federal",48.0,3 amb.,2 dorm.,1 baño,2395.8333333333335
https://www.zonaprop.com.ar/propiedades/clasificado/veclapin-venta-depto-3-ambientes-palermo-luminoso-piso-alto-55364989.html,119000.0,$ 140.000 Expensas,Armenia 2100,"Palermo, Capital Federal",47.0,3 amb.,2 dorm.,1 baño,2531.9148936170213
https://www.zonaprop.com.ar/propiedades/clasificado/veclapin-venta-con-renta-departamentos-3-ambientes-en-saavedra-53410932.html,119000.0,$ 90.000 Expensas,Conde 2500,"Coghlan, Capital Federal",56.0,3 amb.,2 dorm.,1 baño,2125.0
https://www.zonaprop.com.ar/propiedades/clasificado/veclapin-departamento-3-ambientes-contrafrente-muy-luminoso-55353531.html,119000.0,$ 95.000 Expensas,Amenábar 2300,"Belgrano, Capital Federal",52.0,3 amb.,2 dorm.,1 baño,2288.4615384615386
https://www.zonaprop.com.ar/propiedades/clasificado/veclapin-oportunidad-a-reciclar-54516778.html,123000.0,,Av. Luis Maria Campos 1200,"Palermo, Capital Federal",50.0,3 amb.,2 dorm.,1 baño,2460.0
https://www.zonaprop.com.ar/propiedades/clasificado/veclapin-departamento-en-venta-en-palermo-apto-credito-3-55016122.html,129000.0,$ 127.000 Expensas,Av. Cabildo  1110 PB - APTO CREDITO 1100,"Palermo, Capital Federal",73.0,3 amb.,2 dorm.,1 baño,1767.123287671233
https://www.zonaprop.com.ar/propiedades/clasificado/veclapin-venta-dpartamento-3-ambientes-coghlan-55308497.html,95000.0,$ 85.000 Expensas,Doctor Rómulo Naón 2700,"Coghlan, Capital Federal",51.0,3 amb.,2 dorm.,1 baño,1862.7450980392157
https://www.zonaprop.com.ar/propiedades/clasificado/veclapin-3-ambientes-reciclado-y-super-luminoso!-excelente-54974005.html,130000.0,$ 110.000 Expensas,Av. de los Incas al 3500 (av. Forest y  Gral. Enrique Martinez),"Belgrano R, Belgrano",48.0,3 amb.,2 dorm.,1 baño,2708.3333333333335
https://www.zonaprop.com.ar/propiedades/clasificado/veclapin-3-ambientes-impecables!-apto-credito.-a-pasos-de-54203174.html,109000.0,$ 90.000 Expensas,Franklin Roosvelt 2564,"Belgrano, Capital Federal",53.0,3 amb.,2 dorm.,1 baño,2056.603773584906
https://www.zonaprop.com.ar/propiedades/clasificado/veclapin-departamento-3-ambientes-con-cochera-j.-a.-cabrera-54811462.html,115000.0,$ 115.000 Expensas,JOSE ANTONIO CABRERA 4864,"Palermo Soho, Palermo",52.0,3 amb.,2 dorm.,1 baño,2211.5384615384614
https://www.zonaprop.com.ar/propiedades/clasificado/veclapin-departamento-en-belgrano-o-higgins-al-2100-53817930.html,127000.0,,O'higgins 2135,"Belgrano, Capital Federal",55.0,3 amb.,2 dorm.,1 baño,2309.090909090909
https://www.zonaprop.com.ar/propiedades/clasificado/veclapin-departamento-las-canitas-55136219.html,120000.0,$ 120.000 Expensas,Huergo al 200,"Las Cañitas, Palermo",53.0,3 amb.,2 dorm.,1 baño,2264.1509433962265
https://www.zonaprop.com.ar/propiedades/clasificado/veclapin-2-dorm.-piso-17-nunez-54614965.html,114000.0,$ 90.000 Expensas,Nuñez al 3600,"Núñez, Capital Federal",60.0,3 amb.,2 dorm.,1 baño,1900.0
https://www.zonaprop.com.ar/propiedades/clasificado/veclapin-departamento-3-ambientes-belgrano-jardin-y-terraza-54721850.html,113000.0,$ 79.000 Expensas,Roosevelt al 1500,"Belgrano C, Belgrano",50.0,3 amb.,2 dorm.,1 baño,2260.0
https://www.zonaprop.com.ar/propiedades/clasificado/veclapin-depto-3-ambientes-en-venta-en-palermo-av-santa-fe-al-54541949.html,125000.0,$ 160.000 Expensas,"Av. Santa Fe , Buenos Aires","Palermo, Capital Federal",52.0,3 amb.,2 dorm.,1 baño,2403.846153846154
https://www.zonaprop.com.ar/propiedades/clasificado/veclapin-venta-3-ambientes-en-palermo-55293947.html,120000.0,$ 85.000 Expensas,Santos Dumont 2453,"Palermo, Capital Federal",56.0,3 amb.,2 dorm.,1 baño,2142.8571428571427
https://www.zonaprop.com.ar/propiedades/clasificado/veclapin-belgrano-r-excel-3-amb-reciclado-oportunidad-54556084.html,115000.0,,Blanco Encalada  3600 3°,"Belgrano R, Belgrano",55.0,3 amb.,2 dorm.,1 baño,2090.909090909091
https://www.zonaprop.com.ar/propiedades/clasificado/veclapin-oportunidad-3-amb.-a-m-de-av-cabildo-subte-d-cocina-55396097.html,129900.0,$ 160.000 Expensas,Olazabal 2400 Piso 3,"Belgrano, Capital Federal",62.0,3 amb.,2 dorm.,1 baño,2095.1612903225805
https://www.zonaprop.com.ar/propiedades/clasificado/veclapin-venta-departamento-3-ambientes-belgrano-54993037.html,110000.0,$ 120.000 Expensas,Vuelta de Obligado al 2700,"Belgrano C, Belgrano",62.0,3 amb.,2 dorm.,1 baño,1774.1935483870968
https://www.zonaprop.com.ar/propiedades/clasificado/veclapin-nunez-3-ambientes-moldes-esq-ibera-todo-externo-super-46964322.html,110000.0,$ 80.000 Expensas,Moldes  3089  ,"Núñez, Capital Federal",43.0,3 amb.,2 dorm.,1 baño,2558.139534883721
https://www.zonaprop.com.ar/propiedades/clasificado/veclapin-edificio-en-esquina-balcon-2-dorm.-54146554.html,115000.0,$ 135.000 Expensas,Billinghurst 1300,"Palermo, Capital Federal",49.0,3 amb.,2 dorm.,1 baño,2346.938775510204
https://www.zonaprop.com.ar/propiedades/clasificado/veclapin-departamento-de-3-ambientes-reciclado-a-nuevo-48408368.html,120000.0,$ 8.000 Expensas,Cordoba 3421,"Palermo, Capital Federal",51.0,3 amb.,2 dorm.,1 baño,2352.9411764705883
https://www.zonaprop.com.ar/propiedades/clasificado/veclapin-3-amb-en-torre-de-categoria-las-canitas-54287724.html,129997.0,$ 100.000 Expensas,Lacroze  1900 15°,"Belgrano, Capital Federal",65.0,3 amb.,2 dorm.,1 baño,1999.9538461538461
https://www.zonaprop.com.ar/propiedades/clasificado/veclapin-departamento-3-ambientes-totalmente-reciclado-nunez-52766565.html,110000.0,$ 92.000 Expensas,Avenida General Paz al 1100,"Núñez, Capital Federal",63.0,3 amb.,2 dorm.,1 baño,1746.031746031746
https://www.zonaprop.com.ar/propiedades/clasificado/veclapin-departamento-5-amb-apto-profesional-sobre-av-belgrano!-54920645.html,125000.0,$ 90 Expensas,Av Belgrano  800 8°,"Belgrano, Capital Federal",90.0,5 amb.,4 dorm.,1 baño,1388.888888888889
https://www.zonaprop.com.ar/propiedades/clasificado/veclapin-venta-dpto-3-ambientes-luminoso-55250170.html,98000.0,$ 130.000 Expensas,Zapata 200,"Palermo, Capital Federal",50.0,3 amb.,2 dorm.,1 baño,1960.0
https://www.zonaprop.com.ar/propiedades/clasificado/veclapin-departamento-dos-ambientes-detall.-categ.-amplio-55292358.html,115000.0,$ 100.000 Expensas,SAN Benito DE Palermo al 1600,"Palermo, Capital Federal",48.0,3 amb.,2 dorm.,1 baño,2395.8333333333335
https://www.zonaprop.com.ar/propiedades/clasificado/veclapin-departamento-coghlan-belgrano-3ambientes-balcon-a-la-54780008.html,120000.0,$ 150.000 Expensas,Av. Congreso  al 3800,"Coghlan, Capital Federal",64.0,3 amb.,2 dorm.,1 baño,1875.0
https://www.zonaprop.com.ar/propiedades/clasificado/veclapin-departamento-3-ambientes-52-m-sup2--palermo-51942862.html,84900.0,$ 10.000 Expensas,Castillo 400,"Palermo, Capital Federal",52.0,3 amb.,2 dorm.,1 baño,1632.6923076923076
https://www.zonaprop.com.ar/propiedades/clasificado/veclapin-venta-departamento-3-ambientes-con-baulera-55344001.html,125000.0,$ 85.000 Expensas,Soler 4031,"Palermo, Capital Federal",47.0,3 amb.,2 dorm.,1 baño,2659.574468085106
https://www.zonaprop.com.ar/propiedades/clasificado/veclapin-departamento-en-torre-de-categoria-54096410.html,129999.0,$ 100.000 Expensas,Av. Lacroze  1900 15°,"Belgrano C, Belgrano",65.0,3 amb.,2 dorm.,1 baño,1999.9846153846154
https://www.zonaprop.com.ar/propiedades/clasificado/veclapin-depto-nunez-3amb-planta-baja-frente-apto-profesional-1-53367901.html,110000.0,$ 38.000 Expensas,Ciudad de la paz 3700,"Núñez, Capital Federal",50.0,3 amb.,2 dorm.,1 baño,2200.0
https://www.zonaprop.com.ar/propiedades/clasificado/veclapin-hermosa-oficina-en-muy-buena-ubicacion-55326223.html,102000.0,$ 170.000 Expensas,Nuñez al 1500,"Núñez, Capital Federal",64.0,3 amb.,2 dorm.,1 baño,1593.75
https://www.zonaprop.com.ar/propiedades/clasificado/veclapin-venta-3-ambientes-guemes-esquina-bulnes-55010248.html,115000.0,$ 94.000 Expensas,Güemes al 3500,"Palermo, Capital Federal",58.0,3 amb.,2 dorm.,2 baños,1982.7586206896551
https://www.zonaprop.com.ar/propiedades/clasificado/veclapin-se-vende-dpto-3-amb.-al-frnte-con-balcon-en-palermo-54187030.html,110000.0,,GUATEMALA 5800,"Palermo Hollywood, Palermo",54.0,3 amb.,1 dorm.,1 baño,2037.037037037037
https://www.zonaprop.com.ar/propiedades/clasificado/veclapin-venta-tres-amb-en-palermo-soho-inversion-garantizada!-55109995.html,128000.0,,Guemes  3800 5°,"Palermo Soho, Palermo",59.0,3 amb.,2 dorm.,1 baño,2169.491525423729
https://www.zonaprop.com.ar/propiedades/clasificado/veclapin-departamento-3-amb.-en-venta-belgrano-caba.-54538881.html,88000.0,$ 50.000 Expensas,Blanco Encalada 2800,"Belgrano, Capital Federal",42.0,3 amb.,2 dorm.,1 baño,2095.2380952380954
https://www.zonaprop.com.ar/propiedades/clasificado/veclphin-departamento-palermo-50240579.html,99000.0,$ 6.000 Expensas,EN Venta Tipo PH en PB con Patio - Gorriti Entre Gurruchaga  y Armenia,"Palermo, Capital Federal",55.0,3 amb.,2 dorm.,1 baño,1800.0
https://www.zonaprop.com.ar/propiedades/clasificado/veclapin-3-amb-cfte-balcon-cocina-com-lavadero-super-luminoso-44306787.html,128000.0,$ 59.000 Expensas,Vta Obligado  2600 7°,"Belgrano, Capital Federal",53.0,3 amb.,2 dorm.,1 baño,2415.0943396226417
https://www.zonaprop.com.ar/propiedades/clasificado/veclapin-departamento-3-ambientes-en-belgrano-55098308.html,125000.0,$ 188.500 Expensas,Juramento 2801 2º A,"Belgrano, Capital Federal",56.0,3 amb.,2 dorm.,1 baño,2232.1428571428573
https://www.zonaprop.com.ar/propiedades/clasificado/veclapin-oportunidad-palermo-3-ambientes-55286748.html,125000.0,$ 215.000 Expensas,Guemes al 3700,"Palermo, Capital Federal",53.0,3 amb.,2 dorm.,1 baño,2358.490566037736
https://www.zonaprop.com.ar/propiedades/clasificado/veclapin-luminoso-3-ambientes-al-frente-con-balcon-en-palermo-55422063.html,110000.0,$ 65.000 Expensas,Carranza al 1200,"Palermo, Capital Federal",51.0,3 amb.,2 dorm.,1 baño,2156.8627450980393
https://www.zonaprop.com.ar/propiedades/clasificado/veclapin-belgrano-3-amb-venta-apto-profesional!-con-51974022.html,125000.0,$ 108.000 Expensas,Monroe ,"Belgrano, Capital Federal",50.0,3 amb.,2 dorm.,1 baño,2500.0
https://www.zonaprop.com.ar/propiedades/clasificado/veclapin-departamento-en-las-canitas-55419595.html,128000.0,$ 190.000 Expensas,Luis Maria Campos  al 300,"Las Cañitas, Palermo",68.0,4 amb.,3 dorm.,1 baño,1882.3529411764705
https://www.zonaprop.com.ar/propiedades/clasificado/veclapin-departamento-belgrano-c-53298804.html,123000.0,$ 109.000 Expensas,"Migueletes 1234 , 2°  P, Cañitas, Caba","Las Cañitas, Palermo",47.0,3 amb.,2 dorm.,1 baño,2617.021276595745
https://www.zonaprop.com.ar/propiedades/clasificado/veclapin-departamento-en-venta-en-belgrano-r-capital-federal-54915284.html,130000.0,,Ciudad de la Paz 2246,"Belgrano R, Belgrano",51.0,3 amb.,2 dorm.,1 baño,2549.0196078431372
https://www.zonaprop.com.ar/propiedades/clasificado/veclapin-3-ambientes-en-torre-vista-panoramica-al-este-48777208.html,95000.0,$ 50.000 Expensas,OLAZABAL 3650,"Coghlan, Capital Federal",45.0,3 amb.,2 dorm.,1 baño,2111.1111111111113
https://www.zonaprop.com.ar/propiedades/clasificado/veclapin-luis-m.-campos-200-3-ambientes-buen-estado-luminoso-53022290.html,128900.0,$ 95.000 Expensas,Luis María Campos 296,"Las Cañitas, Palermo",70.0,3 amb.,2 dorm.,1 baño,1841.4285714285713
https://www.zonaprop.com.ar/propiedades/clasificado/veclapin-se-vende-departamento-dos-dorm.-en-palermo-caba-52681787.html,120000.0,$ 60.000 Expensas,LAPRIDA,"Palermo, Capital Federal",80.0,4 amb.,2 dorm.,1 baño,1500.0
https://www.zonaprop.com.ar/propiedades/clasificado/veclapin-impecable-3-amb-al-frente-con-balcon-tercer-piso-54977715.html,124000.0,$ 132.000 Expensas,bulnes 1600,"Palermo Nuevo, Palermo",52.0,3 amb.,2 dorm.,1 baño,2384.6153846153848
https://www.zonaprop.com.ar/propiedades/clasificado/veclapin-palermo.-3amb.-oro-y-cervino.-luz.-sol.-vista-abierta.-48065535.html,113000.0,$ 90.000 Expensas,Oro 2700. Entre Avenida cerviño y Juncal,"Palermo, Capital Federal",50.0,3 amb.,2 dorm.,1 baño,2260.0
https://www.zonaprop.com.ar/propiedades/clasificado/veclapin-departamento-en-palermo-de-3-ambientes-55210802.html,112500.0,$ 173.600 Expensas,Pasaje del Signo al 4000,"Palermo, Capital Federal",63.0,3 amb.,2 dorm.,1 baño,1785.7142857142858
https://www.zonaprop.com.ar/propiedades/clasificado/veclapin-venta-departamento-3-ambientes-palermo-55045764.html,119000.0,$ 55.000 Expensas,Guatemala 4315,"Palermo, Capital Federal",76.0,3 amb.,2 dorm.,1 baño,1565.7894736842106
https://www.zonaprop.com.ar/propiedades/clasificado/veclapin-venta-3-ambiente-en-belgrano-ideal-inversion.-55390867.html,93000.0,$ 136.000 Expensas,Avenida Monroe 3500,"Belgrano, Capital Federal",55.0,3 amb.,2 dorm.,1 baño,1690.909090909091
https://www.zonaprop.com.ar/propiedades/clasificado/veclapin-departamento-en-coghlan-54538201.html,115000.0,$ 89.000 Expensas,Melian  3258 - 13 B || C/ Cochera,"Coghlan, Capital Federal",48.0,3 amb.,2 dorm.,1 baño,2395.8333333333335
https://www.zonaprop.com.ar/propiedades/clasificado/veclapin-marcelo-t.-bustamante-planta-baja-apto-prof-53836011.html,118000.0,$ 190.000 Expensas,MARCELO T DE ALVEAR Y SANCHEZ DE BUSTAMANTE,"Palermo, Capital Federal",62.0,3 amb.,2 baños,,1903.225806451613
https://www.zonaprop.com.ar/propiedades/clasificado/veclapin-departamento-en-venta-tres-ambientes-en-palermo-53602265.html,105000.0,,Charcas  4000,"Botánico, Palermo",52.0,3 amb.,2 dorm.,1 baño,2019.2307692307693
https://www.zonaprop.com.ar/propiedades/clasificado/veclapin-departamento-de-3-amb.-con-balcon-y-lavadero.-55274177.html,120000.0,$ 140.000 Expensas,Paraguay 4000,"Palermo, Capital Federal",56.0,3 amb.,2 dorm.,1 baño,2142.8571428571427
https://www.zonaprop.com.ar/propiedades/clasificado/veclapin-hermoso-3-ambientes-con-balcon-paraguay-y-billinghurst-54432903.html,129000.0,$ 135.000 Expensas,BILLINGHURST 1300. Entre Paraguay y Soler,"Palermo, Capital Federal",50.0,3 amb.,2 dorm.,1 baño,2580.0
https://www.zonaprop.com.ar/propiedades/clasificado/veclapin-departamento-3-ambientes-con-patio-en-charcas-al-4000-54670980.html,109000.0,$ 72.000 Expensas,Charcas  al 4000,"Palermo, Capital Federal",54.0,3 amb.,2 dorm.,1 baño,2018.5185185185185
https://www.zonaprop.com.ar/propiedades/clasificado/veclapin-venta-dpto-3-amb-con-balcon-apto-credito-55414136.html,130000.0,$ 132.334 Expensas,Calle Doctor Pedro I. Rivera 2800,"Belgrano, Capital Federal",66.0,3 amb.,2 dorm.,1 baño,1969.6969696969697
https://www.zonaprop.com.ar/propiedades/clasificado/veclapin-departamento-3-ambientes-en-nunez-55403658.html,105000.0,$ 100.000 Expensas,Azurduy Juana al 2800,"Núñez, Capital Federal",69.0,3 amb.,2 dorm.,1 baño,1521.7391304347825
https://www.zonaprop.com.ar/propiedades/clasificado/veclapin-3-ambientes-patio-en-inmejorable-zona-de-belgrano!-54823059.html,100000.0,$ 120.000 Expensas,Sucre al 2600,"Belgrano, Capital Federal",70.0,3 amb.,1 dorm.,1 baño,1428.5714285714287
https://www.zonaprop.com.ar/propiedades/clasificado/veclapin-venta-3-ambientes-con-balcon-cerrado-palermo-52785534.html,125000.0,,Avenida Luis María Campos  200 2°,"Las Cañitas, Palermo",60.0,3 amb.,2 dorm.,1 baño,2083.3333333333335
https://www.zonaprop.com.ar/propiedades/clasificado/veclapin-venta-3-ambientes-con-patio-en-belgrano-54867698.html,125000.0,$ 130.000 Expensas,AVDA. BALBIN 2400. Entre Monroe y Blanco encalada,"Belgrano, Capital Federal",65.0,3 amb.,2 dorm.,1 baño,1923.076923076923
https://www.zonaprop.com.ar/propiedades/clasificado/veclapin-departamento-3-ambientes-con-balcon-al-frente-55190664.html,125000.0,$ 80.000 Expensas,Blanco Encalada  3400 2°,"Belgrano R, Belgrano",56.0,3 amb.,2 dorm.,1 baño,2232.1428571428573
https://www.zonaprop.com.ar/propiedades/clasificado/veclapin-departamento-de-3-ambientes-en-venta-en-palermo-50637983.html,119000.0,$ 150.000 Expensas,ARAOZ 2400,"Palermo, Capital Federal",55.0,3 amb.,2 dorm.,1 baño,2163.6363636363635
https://www.zonaprop.com.ar/propiedades/clasificado/veclapin-julian-alvarez-1700-venta-departamento-de-tres-53210070.html,129900.0,$ 45.000 Expensas,JULIAN ALVAREZ 1704,"Palermo, Capital Federal",68.0,3 amb.,2 dorm.,1 baño,1910.2941176470588
https://www.zonaprop.com.ar/propiedades/clasificado/veclapin-departamento-belgrano-50578424.html,115000.0,$ 7.000 Expensas,Washington al 2900,"Belgrano, Capital Federal",55.0,3 amb.,2 dorm.,1 baño,2090.909090909091
https://www.zonaprop.com.ar/propiedades/clasificado/veclphin-venta-ph-3-ambientes-c-patio-av-cabildo-3000-belgrano-51250864.html,108000.0,$ 15.000 Expensas,AV CABILDO 3000,"Belgrano, Capital Federal",66.0,3 amb.,1 dorm.,1 baño,1636.3636363636363
https://www.zonaprop.com.ar/propiedades/clasificado/veclapin-paraguay-4500-palermo-3amb-u$120.000-47044952.html,120000.0,$ 190.000 Expensas,Paraguay 4500. Entre Thames y Borges jorge luis,"Palermo, Capital Federal",58.0,3 amb.,2 dorm.,1 baño,2068.9655172413795
https://www.zonaprop.com.ar/propiedades/clasificado/veclapin-apto-credito-palermo-soho-depto-3-ambientes-54300835.html,93000.0,$ 25.000 Expensas,Godoy Cruz 1702,"Palermo, Capital Federal",49.0,3 amb.,2 dorm.,1 baño,1897.9591836734694
https://www.zonaprop.com.ar/propiedades/clasificado/veclapin-departamento-palermo-soho-50540501.html,126000.0,$ 85.000 Expensas,Paraguay al 4500,"Palermo Soho, Palermo",58.0,3 amb.,2 dorm.,1 baño,2172.4137931034484
https://www.zonaprop.com.ar/propiedades/clasificado/veclapin-departamento-3-ambientes-en-palermo-venta-o-alquiler-53771959.html,110000.0,$ 124.000 Expensas,Uriarte al 2400,"Palermo, Capital Federal",53.0,3 amb.,2 dorm.,1 baño,2075.4716981132074
https://www.zonaprop.com.ar/propiedades/clasificado/veclapin-se-vende-dpto-3-ambientes-con-baulera-en-palermo-54187035.html,119000.0,,GUATEMALA  5900,"Palermo Hollywood, Palermo",50.0,3 amb.,2 dorm.,1 baño,2380.0
https://www.zonaprop.com.ar/propiedades/clasificado/veclapin-al-frente.-departamento-3-ambientes.-2-banos.-patio.-55085039.html,126000.0,$ 210.000 Expensas,Guemes al 3700,"Palermo Soho, Palermo",73.0,3 amb.,2 dorm.,1 baño,1726.027397260274
https://www.zonaprop.com.ar/propiedades/clasificado/veclapin-av-s.-ortiz-2200-venta-departamento-de-tres-ambientes-53849950.html,129900.0,$ 70.000 Expensas,AV. SCALABRINI ORTIZ 2200,"Botánico, Palermo",79.0,3 amb.,2 dorm.,1 baño,1644.3037974683543
https://www.zonaprop.com.ar/propiedades/clasificado/veclapin-depto-3-amb-venta-coghlan-amplio-luminoso-balcon-55308034.html,125000.0,$ 98.000 Expensas,Manuel Ugarte 3800,"Coghlan, Capital Federal",52.0,3 amb.,2 dorm.,1 baño,2403.846153846154
https://www.zonaprop.com.ar/propiedades/clasificado/veclapin-bulnes-1300-s-piso-4-amb-cfte-72-m-sup2-51984277.html,125000.0,,Bulnes 1318,"Palermo, Capital Federal",72.0,4 amb.,2 baños,,1736.111111111111
https://www.zonaprop.com.ar/propiedades/clasificado/veclphin-ph-frente-sin-expensas-tres-ambientes-luminoso-49598494.html,110000.0,,BESARES 2253,"Núñez, Capital Federal",60.0,3 amb.,1 baño,,1833.3333333333333
https://www.zonaprop.com.ar/propiedades/clasificado/veclapin-departamento-de-3-ambientes-con-patio-en-pleno-palermo-55409037.html,129000.0,$ 269.000 Expensas,Laprida al 1300,"Palermo, Capital Federal",91.0,3 amb.,2 dorm.,1 baño,1417.5824175824175
https://www.zonaprop.com.ar/propiedades/clasificado/veclapin-venta-departamento-3-amb-belgrano-54831777.html,95000.0,$ 146.000 Expensas,Ciudad de la paz al 1400,"Belgrano, Capital Federal",45.0,3 amb.,2 dorm.,1 baño,2111.1111111111113
https://www.zonaprop.com.ar/propiedades/clasificado/veclapin-venta-departamento-3-ambientes-nunez-super-luminoso-55385219.html,116000.0,,Av. San Isidro al 4500,"Núñez, Capital Federal",53.0,3 amb.,2 dorm.,1 baño,2188.6792452830186
https://www.zonaprop.com.ar/propiedades/clasificado/veclapin-venta-de-dpto:-belgrano:-3-ambientes.-muy-luminoso.-51134041.html,125000.0,$ 128.000 Expensas,Cabildo  al 3200,"Belgrano, Capital Federal",70.0,3 amb.,2 dorm.,1 baño,1785.7142857142858
https://www.zonaprop.com.ar/propiedades/clasificado/veclapin-palermo-3-amb.-c-coch-y-vista-panoramica-41485126.html,124000.0,$ 2.300 Expensas,"Gral. Manuel N. Savio 400, Buenos Aires, Argentina","Palermo, Capital Federal",65.0,3 amb.,2 dorm.,1 coch.,1907.6923076923076
https://www.zonaprop.com.ar/propiedades/clasificado/veclapin-departamento-3-ambientes.-vidal-al-1600-55050067.html,130000.0,$ 170.000 Expensas,"VIDAL 1600. Entre Hernandez, jose y Del pino, virrey","Belgrano, Capital Federal",58.0,3 amb.,2 dorm.,1 baño,2241.3793103448274
https://www.zonaprop.com.ar/propiedades/clasificado/veclapin-venta-depto-3-amb-en-nunez-55390877.html,130000.0,$ 90.000 Expensas,Grecia 3400,"Núñez, Capital Federal",46.0,3 amb.,2 dorm.,1 baño,2826.086956521739
https://www.zonaprop.com.ar/propiedades/clasificado/veclapin-excelente-departamento-de-3-ambientes-con-vista-55358590.html,127000.0,$ 85.000 Expensas,Charcas 3800,"Palermo, Capital Federal",55.0,3 amb.,2 dorm.,1 baño,2309.090909090909
https://www.zonaprop.com.ar/propiedades/clasificado/veclapin-3-ambientes-apto-credito.-a-pasos-de-cabildo-y-subte-55097659.html,109000.0,$ 100.000 Expensas,Franklin Roosvelt 2564,"Belgrano, Capital Federal",53.0,3 amb.,2 dorm.,,2056.603773584906
https://www.zonaprop.com.ar/propiedades/clasificado/veclapin-luminoso-todo-externo.-51300122.html,110000.0,$ 4.500 Expensas,Franklin D Roosevelt  1500,"Núñez, Capital Federal",47.0,3 amb.,2 dorm.,1 baño,2340.425531914894
https://www.zonaprop.com.ar/propiedades/clasificado/veclapin-departamento-de-4-ambientes-en-venta-en-nunez.-49495779.html,110000.0,$ 190.000 Expensas,Ohiggins 4679,"Núñez, Capital Federal",67.0,4 amb.,3 dorm.,1 baño,1641.7910447761194
https://www.zonaprop.com.ar/propiedades/clasificado/veclapin-venta-depto-antiguo-a-reciclar-en-palermo-dos-tres-54141676.html,129000.0,$ 80.000 Expensas,Av. Santa Fe 3600 piso 3ero ,"Palermo, Capital Federal",60.0,3 amb.,2 dorm.,2 baños,2150.0
https://www.zonaprop.com.ar/propiedades/clasificado/veclapin-venta-departamento-3-ambientes-belgrano-55084120.html,120000.0,$ 70.000 Expensas,Virrey del Pino al 2800,"Belgrano C, Belgrano",55.0,3 amb.,2 dorm.,1 baño,2181.818181818182
https://www.zonaprop.com.ar/propiedades/clasificado/veclapin-luminoso-departamento-en-nunez.-54724989.html,122000.0,$ 65.000 Expensas,Pico 1635,"Núñez, Capital Federal",53.0,3 amb.,2 dorm.,1 baño,2301.8867924528304
https://www.zonaprop.com.ar/propiedades/clasificado/veclapin-alto-palermo-tres-ambientes-luminoso-todo-externo-55232231.html,109000.0,$ 230.000 Expensas,PARAGUAY ,"Palermo, Capital Federal",61.0,3 amb.,2 dorm.,1 baño,1786.8852459016393
https://www.zonaprop.com.ar/propiedades/clasificado/veclapin-departamento-4-ambientes-en-palermo-55244638.html,130000.0,$ 120.000 Expensas,Armenia 2152,"Palermo Chico, Palermo",80.0,4 amb.,3 dorm.,1 baño,1625.0
https://www.zonaprop.com.ar/propiedades/clasificado/veclapin-carranza-al-1200-excelente-departamento-3-ambientes-55429656.html,110000.0,$ 125.000 Expensas,Angel justiniano Carranza 1200,"Palermo, Capital Federal",50.0,3 amb.,2 dorm.,1 baño,2200.0
https://www.zonaprop.com.ar/propiedades/clasificado/veclapin-venta-departamento-en-belgrano-r-3-ambientes-55350252.html,115000.0,$ 150.000 Expensas,Freire  al 2000,"Belgrano R, Belgrano",58.0,3 amb.,2 dorm.,1 baño,1982.7586206896551
https://www.zonaprop.com.ar/propiedades/clasificado/veclapin-departamento-3-ambientes-pb-con-patio.-excelente-55059842.html,125000.0,$ 110.000 Expensas,Palpa  al 2300,"Palermo, Capital Federal",82.0,3 amb.,2 dorm.,1 baño,1524.3902439024391
https://www.zonaprop.com.ar/propiedades/clasificado/veclapin-departamento-en-nunez-52788651.html,115000.0,,Arcos  al 3400,"Núñez, Capital Federal",53.0,3 amb.,2 dorm.,1 baño,2169.811320754717
https://www.zonaprop.com.ar/propiedades/clasificado/veclapin-3-amb-en-torre-de-categoria-las-canitas-54291688.html,129000.0,,Lacroze  1900 15°,"Palermo, Capital Federal",65.0,3 amb.,2 dorm.,1 baño,1984.6153846153845
https://www.zonaprop.com.ar/propiedades/clasificado/veclapin-excelente-3-amb-con-cochera-y-baulera-55315426.html,94900.0,$ 120.000 Expensas,Armenia y Guemes,"Palermo, Capital Federal",48.0,3 amb.,2 dorm.,1 baño,1977.0833333333333
https://www.zonaprop.com.ar/propiedades/clasificado/veclapin-venta-departamento-3-ambientes-palermo-55206427.html,85000.0,$ 60.000 Expensas,Bonpland 1500,"Palermo, Capital Federal",44.0,3 amb.,2 dorm.,1 baño,1931.8181818181818
https://www.zonaprop.com.ar/propiedades/clasificado/veclapin-muy-buen-dpto-3-amb-con-patio-53458756.html,110000.0,$ 100.000 Expensas,BLANCO ENCALADA 2000,"Belgrano, Capital Federal",65.0,3 amb.,2 dorm.,1 baño,1692.3076923076924
https://www.zonaprop.com.ar/propiedades/clasificado/veclapin-departamento-en-torre-3-ambientes-55278910.html,96000.0,$ 80.000 Expensas,Comodoro Rivadavia 1850 6°,"Núñez, Capital Federal",45.0,3 amb.,2 dorm.,1 baño,2133.3333333333335
https://www.zonaprop.com.ar/propiedades/clasificado/veclapin-venta-departamento-palermo-nuevo-400-m-sup2--4-54279520.html,2300000.0,$ 910.000 Expensas,Libertador 3700 CABA,"Palermo Nuevo, Palermo",400.0,8 amb.,4 baños,2 coch.,5750.0
https://www.zonaprop.com.ar/propiedades/clasificado/veclapin-departamento-de-3-ambientes-con-baulera-oportunidad-53134367.html,95000.0,$ 70.000 Expensas,Ciudad De La Paz  2900 4°,"Belgrano, Capital Federal",40.0,3 amb.,2 dorm.,1 baño,2375.0
https://www.zonaprop.com.ar/propiedades/clasificado/veclapin-4-ambientes-mas-apto-credito-escritorio-70-m-sup2-47947332.html,121000.0,$ 110.000 Expensas,Crisologo Larralde  1935,"Núñez, Capital Federal",67.0,3 amb.,2 dorm.,1 baño,1805.9701492537313
https://www.zonaprop.com.ar/propiedades/clasificado/veclapin-3-amb.-c-balcon-buen-estado-luminoso-55102410.html,119000.0,$ 140.000 Expensas,"ZAPIOLA 3217. Entre Tamborini, jose p. y Manuela pedraza","Núñez, Capital Federal",61.0,3 amb.,2 dorm.,1 baño,1950.8196721311476
https://www.zonaprop.com.ar/propiedades/clasificado/veclapin-3-ambientes-en-edificio-tipo-ph-blanco-encalada-2600-54676954.html,110000.0,$ 75.000 Expensas,Blanco Encalada Entre Moldes y Amenabar,"Belgrano, Capital Federal",64.0,3 amb.,2 dorm.,1 baño,1718.75
https://www.zonaprop.com.ar/propiedades/clasificado/veclapin-departamento-en-palermo-55100806.html,125000.0,$ 135.000 Expensas,oro al 2300,"Palermo, Capital Federal",80.0,3 amb.,3 dorm.,2 baños,1562.5
https://www.zonaprop.com.ar/propiedades/clasificado/veclapin-silencioso-y-luminoso-3-ambientes-a-pulmon-de-manzana-54909620.html,125000.0,$ 105.000 Expensas,TRES DE FEBRERO 2171,"Belgrano C, Belgrano",65.0,3 amb.,2 dorm.,1 baño,1923.076923076923
https://www.zonaprop.com.ar/propiedades/clasificado/veclapin-depto-3-amb-en-venta-en-palermo-a.-j.-carranza-al-52993191.html,125000.0,$ 152.198 Expensas,ángel carranza ,"Palermo, Capital Federal",58.0,3 amb.,2 dorm.,1 baño,2155.1724137931033
https://www.zonaprop.com.ar/propiedades/clasificado/veclapin-departamento-en-venta-3-ambientes-nunez-54926839.html,105000.0,$ 100.000 Expensas,crisologo larralde 2316,"Núñez, Capital Federal",47.0,3 amb.,2 dorm.,1 baño,2234.0425531914893
https://www.zonaprop.com.ar/propiedades/clasificado/veclapin-3-ambientes-en-pb-sobre-cabildo-con-imperdible-jardin-47511729.html,120000.0,$ 60.000 Expensas,"Av, Cabildo 4392","Núñez, Capital Federal",149.0,3 amb.,2 dorm.,1 baño,805.3691275167786
https://www.zonaprop.com.ar/propiedades/clasificado/veclapin-departamento-3-ambientes.-grecia-al-4700-54975003.html,119900.0,$ 150.000 Expensas,Grecia 4700. Entre Pico y Vedia,"Núñez, Capital Federal",51.0,3 amb.,2 dorm.,1 baño,2350.9803921568628
https://www.zonaprop.com.ar/propiedades/clasificado/veclphin-3-ambientes-en-edificio-tipo-ph-blanco-encalada-2600-54677134.html,110000.0,$ 75.000 Expensas,Blanco Encalada Entre Moldes y Amenabar,"Belgrano, Capital Federal",64.0,3 amb.,2 dorm.,1 baño,1718.75
https://www.zonaprop.com.ar/propiedades/clasificado/veclphin-ph-3-ambientes-lateral-venta-coghlan-54783463.html,118000.0,,Ibera  3224 - PB . Depto  2,"Coghlan, Capital Federal",74.0,3 amb.,2 dorm.,1 baño,1594.5945945945946
https://www.zonaprop.com.ar/propiedades/clasificado/veclapin-departamento-nunez-3-sambientes-av-cabildo-metrobus-55085318.html,125000.0,$ 190.000 Expensas,Cabildo 4100,"Núñez, Capital Federal",60.0,3 amb.,2 dorm.,1 baño,2083.3333333333335
https://www.zonaprop.com.ar/propiedades/clasificado/veclapin-en-venta-departamento-belgrano-3-ambientes-53196223.html,87000.0,$ 111.000 Expensas,Blanco Encalada 2068,"Belgrano C, Belgrano",47.0,3 amb.,2 dorm.,1 baño,1851.063829787234
https://www.zonaprop.com.ar/propiedades/clasificado/veclapin-4-ambientes-con-balcon.-dorrego-y-conesa-54984042.html,112000.0,$ 110.000 Expensas,conesa 100,"Palermo, Capital Federal",57.0,4 amb.,3 dorm.,1 baño,1964.9122807017543
https://www.zonaprop.com.ar/propiedades/clasificado/veclapin-departamento-palermo-soho-53456775.html,130000.0,,"Serrano Entre Cordoba, Avda. y Vega, Niceto, Cnel.","Palermo Soho, Palermo",67.0,3 amb.,2 dorm.,1 baño,1940.2985074626865
https://www.zonaprop.com.ar/propiedades/clasificado/veclapin-3-ambientes-apto-cedito-a-m-de-cabildo-y-subte!-55097627.html,109000.0,$ 100.000 Expensas,Franklin Roosvelt 2564,"Núñez, Capital Federal",53.0,3 amb.,2 dorm.,1 baño,2056.603773584906
https://www.zonaprop.com.ar/propiedades/clasificado/veclphin-ph-3-ambientes-lateral-venta-coghlan-54785205.html,118000.0,,Ibera  3224 - PB . Depto  2,"Núñez, Capital Federal",74.0,3 amb.,2 dorm.,1 baño,1594.5945945945946
https://www.zonaprop.com.ar/propiedades/clasificado/veclapin-venta-departamento-3-amb.-bajas-expensas-interno-54991882.html,114500.0,$ 105.000 Expensas,Vuelta de Obligado 2500,"Belgrano, Capital Federal",53.0,3 amb.,2 dorm.,1 baño,2160.377358490566
https://www.zonaprop.com.ar/propiedades/clasificado/veclapin-oro-entre-nicaragua-y-costa-rica.-tres-ambientes-en-55155984.html,128000.0,$ 64.000 Expensas,Oro 1800,"Palermo, Capital Federal",53.0,3 amb.,2 dorm.,1 baño,2415.0943396226417
https://www.zonaprop.com.ar/propiedades/clasificado/veclapin-departamento-nunez-54516236.html,125000.0,$ 80.000 Expensas,Av.cabildo al 3200,"Núñez, Capital Federal",60.0,3 amb.,2 dorm.,1 baño,2083.3333333333335
https://www.zonaprop.com.ar/propiedades/clasificado/veclapin-departamento-apto-profesional-en-palermo-52281921.html,115000.0,$ 80.000 Expensas,Santos Dumont al 2400,"Palermo, Capital Federal",60.0,4 amb.,2 dorm.,1 baño,1916.6666666666667
https://www.zonaprop.com.ar/propiedades/clasificado/veclapin-retasado!-4-ambientes-con-balcon-49295871.html,120000.0,$ 114.000 Expensas,Blanco Encalada  3000 3°,"Belgrano, Capital Federal",65.0,4 amb.,3 dorm.,2 baños,1846.1538461538462
https://www.zonaprop.com.ar/propiedades/clasificado/veclphin-ph-primero-por-pasillo-con-vista-al-frente-muy-49597619.html,110000.0,,BESARES 2253,"Núñez, Capital Federal",60.0,3 amb.,2 dorm.,1 baño,1833.3333333333333
https://www.zonaprop.com.ar/propiedades/clasificado/veclapin-venta-depto-tres-ambientes-en-palermo-la-rural-todo-47983521.html,120000.0,$ 110.000 Expensas,Beruti  4600 piso 8,"Palermo, Capital Federal",46.0,3 amb.,2 dorm.,2 baños,2608.695652173913
https://www.zonaprop.com.ar/propiedades/clasificado/veclapin-soldado-de-la-independencia-700-venta-departamento-de-54652288.html,129900.0,,SOLDADO DE LA INDEPENDENCIA 700,"Las Cañitas, Palermo",70.0,3 amb.,2 dorm.,1 baño,1855.7142857142858
https://www.zonaprop.com.ar/propiedades/clasificado/veclapin-bustamante-2100-entre-french-y-juncal.-3-amplios-55141127.html,128000.0,$ 130.000 Expensas,Sanchez de Bustamante 2167,"Palermo, Capital Federal",60.0,3 amb.,2 dorm.,1 baño,2133.3333333333335
https://www.zonaprop.com.ar/propiedades/clasificado/veclapin-depto-de-3-ambientes-en-palermo-a-3-cuadras-de-alto-54564084.html,105000.0,$ 90.000 Expensas,Sanchez DE Bustamente 1600,"Palermo, Capital Federal",38.0,3 amb.,2 dorm.,1 baño,2763.157894736842
https://www.zonaprop.com.ar/propiedades/clasificado/veclphin-ph-en-venta-palermo-soho-al-frente-3-ambientes-54368445.html,105000.0,,Soler ,"Palermo Soho, Palermo",65.0,3 amb.,2 dorm.,,1615.3846153846155
https://www.zonaprop.com.ar/propiedades/clasificado/veclapin-al-frente.-planta-baja-con-patio.-av-libertador-y-54382944.html,109000.0,$ 160.000 Expensas,ECHEVERRÍA ,"Belgrano C, Belgrano",62.0,3 amb.,2 dorm.,1 baño,1758.0645161290322
https://www.zonaprop.com.ar/propiedades/clasificado/veclphin-venta-ph-3-ambientes-en-palermo-capital-federa-55066939.html,69900.0,,Julián Álvarez 1200,"Palermo, Capital Federal",60.0,3 amb.,2 dorm.,1 baño,1165.0
https://www.zonaprop.com.ar/propiedades/clasificado/veclapin-3-ambientes-en-torre-vista-panoramica-lavadero-47257151.html,90000.0,$ 45.000 Expensas,OLAZABAL 3650,"Belgrano R, Belgrano",48.0,3 amb.,2 dorm.,1 baño,1875.0
https://www.zonaprop.com.ar/propiedades/clasificado/veclapin-venta-3-ambientes-en-belgrano-balcon-y-patio-55370237.html,130000.0,$ 125.000 Expensas,Avenida Cabildo 1100,"Belgrano, Capital Federal",67.0,3 amb.,2 dorm.,1 baño,1940.2985074626865
https://www.zonaprop.com.ar/propiedades/clasificado/veclphin-venta!-ph-en-godoy-cruz-palermo-caba.-53399387.html,120000.0,$ 1 Expensas,Godoy Cruz 1800,"Palermo, Capital Federal",58.0,3 amb.,2 dorm.,1 baño,2068.9655172413795
https://www.zonaprop.com.ar/propiedades/clasificado/veclapin-departamento-en-belgrano-55401056.html,110000.0,$ 138.000 Expensas,LA Pampa  al 2600,"Belgrano, Capital Federal",54.0,3 amb.,2 dorm.,1 baño,2037.037037037037
https://www.zonaprop.com.ar/propiedades/clasificado/veclapin-luminoso-3-ambientes-con-balcon-al-contra-frente-en-55178416.html,129000.0,$ 105.000 Expensas,CABILDO 3200. Entre Iber y Manuela pedraza,"Núñez, Capital Federal",63.0,3 amb.,2 dorm.,1 baño,2047.6190476190477
https://www.zonaprop.com.ar/propiedades/clasificado/veclapin-departamento-3-ambientes-al-frente-con-balcon-y-55161487.html,110000.0,$ 130.000 Expensas,Gascon 975,"Palermo, Capital Federal",66.0,3 amb.,2 dorm.,1 baño,1666.6666666666667
https://www.zonaprop.com.ar/propiedades/clasificado/veclapin-venta-3-ambientes-p.-i.-rivera-2500-belgrano-cap-54172140.html,128000.0,$ 74.000 Expensas,P. I. Rivera al 2500,"Belgrano, Capital Federal",65.0,3 amb.,2 dorm.,1 baño,1969.2307692307693
https://www.zonaprop.com.ar/propiedades/clasificado/veclapin-departamento-en-venta-en-belgrano-capital-federal-54669193.html,123500.0,$ 130.000 Expensas,Vuelta de Obligado 2600,"Belgrano, Capital Federal",49.0,3 amb.,2 dorm.,1 baño,2520.408163265306
https://www.zonaprop.com.ar/propiedades/clasificado/veclphin-3-amb-al-frente-le-brique-propiedades-54758937.html,125000.0,,Conde  2800,"Belgrano, Capital Federal",60.0,3 amb.,2 dorm.,2 baños,2083.3333333333335
https://www.zonaprop.com.ar/propiedades/clasificado/veclapin-oportunidad-3-ambientes-a-la-venta-en-palermo-52528582.html,120000.0,,Charcas ,"Palermo Hollywood, Palermo",52.0,3 amb.,2 dorm.,1 baño,2307.6923076923076
https://www.zonaprop.com.ar/propiedades/clasificado/veclapin-departamento-3-amb-barrio-norte-oportunidad!-55348298.html,116500.0,$ 90.000 Expensas,Larrea al 1300,"Palermo, Capital Federal",50.0,3 amb.,2 dorm.,1 baño,2330.0
https://www.zonaprop.com.ar/propiedades/clasificado/veclapin-3-ambientes-al-frente-con-balcon-en-inmejorable-53210953.html,119000.0,$ 190.000 Expensas,Dirección no informada,"Palermo, Capital Federal",58.0,3 amb.,2 dorm.,1 baño,2051.7241379310344
https://www.zonaprop.com.ar/propiedades/clasificado/veclapin-venta.-departamento-3-ambientes.-coghlan-55326783.html,95000.0,,Doctor Romulo Naon  2700,"Coghlan, Capital Federal",51.0,3 amb.,2 dorm.,1 baño,1862.7450980392157
https://www.zonaprop.com.ar/propiedades/clasificado/veclapin-3amb-bcon-cochera-todo-externo-palermo-47525052.html,120000.0,$ 50.000 Expensas,Savio al ,"Palermo, Capital Federal",56.0,3 amb.,2 dorm.,1 baño,2142.8571428571427
https://www.zonaprop.com.ar/propiedades/clasificado/veclapin-departamento-3-ambientes-venta-belgrano-54468433.html,117000.0,$ 120.000 Expensas,Ciudad de la Paz  al 1400 Entre Virrey Arredondo y Virrey Olaguer y Feliu,"Belgrano, Capital Federal",53.0,3 amb.,2 dorm.,1 baño,2207.5471698113206
https://www.zonaprop.com.ar/propiedades/clasificado/veclapin-venta-departamento-3-amb-belgrano-frente-balcon-excel-54785773.html,127500.0,$ 190.000 Expensas,Ciudad de la paz 2241,"Belgrano C, Belgrano",57.0,3 amb.,2 dorm.,1 baño,2236.842105263158
