url,price_value,expenses_value,address,location,area,rooms,bedrooms,bathrooms,price_per_m2
https://www.zonaprop.com.ar/propiedades/clasificado/veclapin-departamento-en-torre-de-categoria-54096410.html,129999.0,$ 100.000 Expensas,Av. Lacroze  1900 15°,"Belgrano C, Belgrano",65.0,3 amb.,2 dorm.,1 baño,1999.9846153846154
https://www.zonaprop.com.ar/propiedades/clasificado/veclapin-en-venta-departamento-belgrano-3-ambientes-53196223.html,87000.0,$ 111.000 Expensas,Blanco Encalada 2068,"Belgrano C, Belgrano",47.0,3 amb.,2 dorm.,1 baño,1851.063829787234
https://www.zonaprop.com.ar/propiedades/clasificado/veclapin-departamento-de-3-ambientes-luminoso-piso-alto-53018600.html,90000.0,$ 89.000 Expensas,Blanco Encalada  al 3700,"Belgrano R, Belgrano",46.0,3 amb.,2 dorm.,1 baño,1956.5217391304348
https://www.zonaprop.com.ar/propiedades/clasificado/veclapin-3-ambientes-reciclado-y-super-luminoso!-excelente-54974005.html,130000.0,$ 110.000 Expensas,Av. de los Incas al 3500 (av. Forest y  Gral. Enrique Martinez),"Belgrano R, Belgrano",48.0,3 amb.,2 dorm.,1 baño,2708.3333333333335
https://www.zonaprop.com.ar/propiedades/clasificado/veclapin-departamento-en-venta-en-belgrano-r-capital-federal-54915284.html,130000.0,,Ciudad de la Paz 2246,"Belgrano R, Belgrano",51.0,3 amb.,2 dorm.,1 baño,2549.0196078431372
https://www.zonaprop.com.ar/propiedades/clasificado/veclapin-3-ambientes-en-torre-vista-panoramica-lavadero-47257151.html,90000.0,$ 45.000 Expensas,OLAZABAL 3650,"Belgrano R, Belgrano",48.0,3 amb.,2 dorm.,1 baño,1875.0
https://www.zonaprop.com.ar/propiedades/clasificado/veclapin-venta-3-ambientes-en-belgrano-balcon-y-patio-55370237.html,130000.0,$ 125.000 Expensas,Avenida Cabildo 1100,"Belgrano, Capital Federal",67.0,3 amb.,2 dorm.,1 baño,1940.2985074626865
https://www.zonaprop.com.ar/propiedades/clasificado/veclapin-venta-departamento-3-amb-belgrano-55391036.html,130000.0,$ 124.000 Expensas,Vuelta de Obligado 2400,"Belgrano, Capital Federal",61.0,3 amb.,2 dorm.,1 baño,2131.1475409836066
https://www.zonaprop.com.ar/propiedades/clasificado/veclapin-3-ambientes-reciclado-y-super-luminoso!-excelente-54974003.html,130000.0,$ 110.000 Expensas,Av. de los Incas al 3500 (av. Forest y  Gral. Enrique Martinez),"Belgrano, Capital Federal",48.0,3 amb.,2 dorm.,1 baño,2708.3333333333335
https://www.zonaprop.com.ar/propiedades/clasificado/veclapin-departamento-3-ambientes.-vidal-al-1600-55050067.html,130000.0,$ 170.000 Expensas,"VIDAL 1600. Entre Hernandez, jose y Del pino, virrey","Belgrano, Capital Federal",58.0,3 amb.,2 dorm.,1 baño,2241.3793103448274
https://www.zonaprop.com.ar/propiedades/clasificado/veclapin-venta-de-departamento-3-ambientes-en-belgrano-55265060.html,130000.0,$ 115.000 Expensas,OLAZABAL 2560. Entre Ciudad de la paz y Amenabar,"Belgrano, Capital Federal",56.0,3 amb.,2 dorm.,1 baño,2321.4285714285716
https://www.zonaprop.com.ar/propiedades/clasificado/veclapin-venta-departamento-3-ambientes-belgrano-54871892.html,130000.0,$ 151.500 Expensas,ZAPATA 400. Entre Maure y Jorge newbery,"Belgrano, Capital Federal",50.0,3 amb.,2 dorm.,1 baño,2600.0
https://www.zonaprop.com.ar/propiedades/clasificado/veclapin-semipiso-al-contrafrente-super-luminoso-55074705.html,130000.0,$ 120.000 Expensas,Ciudad DE LA PAZ  al 1000,"Belgrano, Capital Federal",60.0,3 amb.,2 dorm.,1 baño,2166.6666666666665
https://www.zonaprop.com.ar/propiedades/clasificado/veclapin-semip-en-minones-al-2000-frente-impecable-baulera-2-54910429.html,130000.0,$ 100.000 Expensas,Miñones al 2000,"Belgrano, Capital Federal",55.0,3 amb.,2 dorm.,1 baño,2363.6363636363635
https://www.zonaprop.com.ar/propiedades/clasificado/veclapin-venta-dpto-3-amb-con-balcon-apto-credito-55414136.html,130000.0,$ 132.334 Expensas,Calle Doctor Pedro I. Rivera 2800,"Belgrano, Capital Federal",66.0,3 amb.,2 dorm.,1 baño,1969.6969696969697
https://www.zonaprop.com.ar/propiedades/clasificado/veclapin-departamento-en-venta-2-dorm.-1-bano-47-m-sup2--55034384.html,87000.0,$ 63.000 Expensas,Blanco Escalada e/ Arcos y O'higgins,"Belgrano, Capital Federal",47.0,3 amb.,2 dorm.,1 baño,1851.063829787234
https://www.zonaprop.com.ar/propiedades/clasificado/veclapin-venta-3-ambientes-belgrano-55392830.html,87000.0,$ 111.000 Expensas,Blanco Encalada 2000,"Belgrano, Capital Federal",47.0,3 amb.,2 dorm.,1 baño,1851.063829787234
https://www.zonaprop.com.ar/propiedades/clasificado/veclapin-departamento-en-venta-palermo-botanico-53821219.html,130000.0,$ 237.000 Expensas,Arenales al 3600,"Botánico, Palermo",61.0,3 amb.,2 dorm.,1 baño,2131.1475409836066
https://www.zonaprop.com.ar/propiedades/clasificado/veclapin-dpto-3-ambientes-contrafrente-excelente-ubicacion-47694195.html,99000.0,$ 115.000 Expensas,Araoz  2436,"Botánico, Palermo",47.0,3 amb.,2 dorm.,1 baño,2106.3829787234044
https://www.zonaprop.com.ar/propiedades/clasificado/veclapin-venta-3-ambientes-con-balcon-coghlan-55431948.html,130000.0,$ 200.000 Expensas,Conde 2500,"Coghlan, Capital Federal",57.0,3 amb.,2 dorm.,1 baño,2280.7017543859647
https://www.zonaprop.com.ar/propiedades/clasificado/veclapin-departamento-3-ambientes.-romulo-naon-al-2700-55362783.html,94900.0,,ROMULO NAON 2700,"Coghlan, Capital Federal",51.0,3 amb.,2 dorm.,1 baño,1860.7843137254902
https://www.zonaprop.com.ar/propiedades/clasificado/veclapin-departamento-en-venta-ubicado-en-coghlan-capital-51423823.html,130000.0,$ 75.000 Expensas,Av Elcano 3500,"Coghlan, Capital Federal",60.0,3 amb.,2 dorm.,1 baño,2166.6666666666665
https://www.zonaprop.com.ar/propiedades/clasificado/veclapin-soldado-de-la-independencia-700-venta-departamento-de-54652288.html,129900.0,,SOLDADO DE LA INDEPENDENCIA 700,"Las Cañitas, Palermo",70.0,3 amb.,2 dorm.,1 baño,1855.7142857142858
https://www.zonaprop.com.ar/propiedades/clasificado/veclapin-departamento-en-venta-3-ambientes-al-contra-frente!-55426243.html,119000.0,$ 126.000 Expensas,Av. Luis María Campos al 700,"Las Cañitas, Palermo",58.0,3 amb.,2 dorm.,1 baño,2051.7241379310344
https://www.zonaprop.com.ar/propiedades/clasificado/veclapin-venta-departamento-3-ambientes-con-cochera-nunez-55391717.html,130000.0,$ 260.000 Expensas,Avenida General Paz 400,"Núñez, Capital Federal",52.0,3 amb.,2 dorm.,1 baño,2500.0
https://www.zonaprop.com.ar/propiedades/clasificado/veclapin-venta-depto-3-amb-en-nunez-55390877.html,130000.0,$ 90.000 Expensas,Grecia 3400,"Núñez, Capital Federal",46.0,3 amb.,2 dorm.,1 baño,2826.086956521739
https://www.zonaprop.com.ar/propiedades/clasificado/veclapin-departamento-en-torre-3-ambientes-55278910.html,96000.0,$ 80.000 Expensas,Comodoro Rivadavia 1850 6°,"Núñez, Capital Federal",45.0,3 amb.,2 dorm.,1 baño,2133.3333333333335
https://www.zonaprop.com.ar/propiedades/clasificado/veclapin-departamento-4-ambientes-nunez-todo-a-nuevo-luminoso-55197525.html,130000.0,$ 55.000 Expensas,Manzanares al 1800,"Núñez, Capital Federal",65.0,4 amb.,3 dorm.,1 baño,2000.0
https://www.zonaprop.com.ar/propiedades/clasificado/veclapin-departamento-3-ambientes.-zapiola-al-3200-55273852.html,130000.0,$ 100.000 Expensas,Zapiola 3200. Entre Tamborini y Pedraza,"Núñez, Capital Federal",69.0,3 amb.,2 dorm.,1 baño,1884.0579710144928
https://www.zonaprop.com.ar/propiedades/clasificado/veclapin-venta-departamento-de-3-ambientes-en-nunez-55419512.html,130000.0,,Cabildo  al 4100,"Núñez, Capital Federal",59.0,3 amb.,2 dorm.,1 baño,2203.3898305084745
https://www.zonaprop.com.ar/propiedades/clasificado/veclapin-departamento-en-palermo-54719336.html,129000.0,$ 135.000 Expensas,Las Heras 3000,"Palermo Chico, Palermo",53.0,3 amb.,2 dorm.,1 baño,2433.9622641509436
https://www.zonaprop.com.ar/propiedades/clasificado/veclapin-departamento-4-ambientes-en-palermo-55244638.html,130000.0,$ 120.000 Expensas,Armenia 2152,"Palermo Chico, Palermo",80.0,4 amb.,3 dorm.,1 baño,1625.0
https://www.zonaprop.com.ar/propiedades/clasificado/veclapin-ravignani-2200-palermo-pacifico-3amb-vista-abierta-55189873.html,130000.0,$ 120.000 Expensas,Ravignani al 2200,"Palermo Hollywood, Palermo",53.0,3 amb.,2 dorm.,1 baño,2452.830188679245
https://www.zonaprop.com.ar/propiedades/clasificado/veclapin-departamento-3-ambientes-sin-expensas-palermo-53621674.html,90000.0,,Costa Rica  5600 2°,"Palermo Hollywood, Palermo",45.0,3 amb.,2 dorm.,1 baño,2000.0
https://www.zonaprop.com.ar/propiedades/clasificado/veclapin-impecable-3-amb-al-frente-con-balcon-tercer-piso-54977715.html,124000.0,$ 132.000 Expensas,bulnes 1600,"Palermo Nuevo, Palermo",52.0,3 amb.,2 dorm.,1 baño,2384.6153846153848
https://www.zonaprop.com.ar/propiedades/clasificado/veclapin-venta-departamento-palermo-nuevo-400-m-sup2--4-54279520.html,2300000.0,$ 910.000 Expensas,Libertador 3700 CABA,"Palermo Nuevo, Palermo",400.0,8 amb.,4 baños,2 coch.,5750.0
https://www.zonaprop.com.ar/propiedades/clasificado/veclapin-departamento-palermo-soho-53456775.html,130000.0,,"Serrano Entre Cordoba, Avda. y Vega, Niceto, Cnel.","Palermo Soho, Palermo",67.0,3 amb.,2 dorm.,1 baño,1940.2985074626865
https://www.zonaprop.com.ar/propiedades/clasificado/veclapin-3-ambientes-a-refaccionar-en-palermo-soho-55089755.html,85000.0,$ 67.000 Expensas,Armenia  al 2200,"Palermo Soho, Palermo",40.0,3 amb.,2 dorm.,1 baño,2125.0
https://www.zonaprop.com.ar/propiedades/clasificado/veclapin-impecable-3-ambientes-en-excelente-ubicacion.-55364468.html,130000.0,$ 157.000 Expensas,Ancón 5300,"Palermo, Capital Federal",54.0,3 amb.,2 dorm.,1 baño,2407.4074074074074
https://www.zonaprop.com.ar/propiedades/clasificado/veclapin-excelente-ph-en-venta-dos-cuartos-terraza-55368630.html,130000.0,,Matienzo al 2400,"Palermo, Capital Federal",50.0,3 amb.,2 dorm.,1 baño,2600.0
https://www.zonaprop.com.ar/propiedades/clasificado/veclapin-departamento-3-ambientes-en-palermo-apto-profesional.-53249004.html,130000.0,$ 282.703 Expensas,Arenales al 3600,"Palermo, Capital Federal",62.0,3 amb.,2 dorm.,1 baño,2096.7741935483873
https://www.zonaprop.com.ar/propiedades/clasificado/veclphin-venta-ph-3-ambientes-en-palermo-capital-federa-55066939.html,69900.0,,Julián Álvarez 1200,"Palermo, Capital Federal",60.0,3 amb.,2 dorm.,1 baño,1165.0
https://www.zonaprop.com.ar/propiedades/clasificado/veclapin-dpto-2-y-medio-ambiente-palermo-impecable-55245924.html,130000.0,$ 68.000 Expensas,Avenida Raúl Scalabrini Ortiz 1200,"Palermo, Capital Federal",50.0,3 amb.,2 dorm.,1 baño,2600.0
https://www.zonaprop.com.ar/propiedades/clasificado/veclphin-ph-1dorm-escritorio-terraza-54995257.html,130000.0,,Santos Dumont 2450,"Palermo, Capital Federal",84.0,3 amb.,2 dorm.,2 baños,1547.6190476190477
